age,gender,salary,city,department,experience,score,date
56,Female,2729.0,Shymkent,IT,12,98,2023-01-01
46,Female,1813.0,Almaty,Marketing,7,95,2023-01-02
32,Male,1026.0,Almaty,Finance,3,87,2023-01-03
25,Male,2628.0,Shymkent,HR,9,57,2023-01-04
38,Female,2823.0,Astana,Finance,18,86,2023-01-05
56,Male,3252.0,Astana,Finance,17,76,2023-01-06
36,Female,,Astana,HR,4,77,2023-01-07
40,Female,1880.0,Astana,Finance,18,89,2023-01-08
28,Male,3120.0,Shymkent,Finance,15,83,2023-01-09
28,Female,3990.0,Shymkent,IT,0,81,2023-01-10
41,Male,3430.0,Almaty,Finance,11,64,2023-01-11
53,Male,,Astana,Finance,1,93,2023-01-12
57,Male,4092.0,Astana,Finance,7,66,2023-01-13
41,Male,4386.0,Astana,Finance,17,82,2023-01-14
20,Female,3747.0,Shymkent,HR,15,96,2023-01-15
39,Male,4759.0,Astana,Marketing,4,95,2023-01-16
19,Female,,Shymkent,IT,12,65,2023-01-17
41,Female,3383.0,Astana,Finance,18,78,2023-01-18
47,Female,961.0,Astana,Finance,2,58,2023-01-19
55,Female,1393.0,Almaty,HR,7,82,2023-01-20
19,Male,4059.0,Astana,Marketing,11,98,2023-01-21
38,Male,4955.0,Astana,Finance,1,78,2023-01-22
50,Female,3762.0,,HR,10,62,2023-01-23
29,Female,4688.0,Shymkent,IT,11,70,2023-01-24
39,Male,,Shymkent,IT,17,70,2023-01-25
42,Female,1463.0,Astana,Finance,12,54,2023-01-26
44,Male,1932.0,Shymkent,Finance,4,59,2023-01-27
59,Female,1341.0,,Marketing,11,55,2023-01-28
45,Male,3774.0,Almaty,Marketing,1,62,2023-01-29
33,Female,1667.0,Almaty,Finance,4,50,2023-01-30
32,Female,2866.0,Astana,HR,6,69,2023-01-31
20,Male,,Almaty,Marketing,11,96,2023-02-01
54,Female,2006.0,Almaty,Finance,15,95,2023-02-02
24,Female,3328.0,Astana,Marketing,7,57,2023-02-03
38,Male,1969.0,Astana,Finance,8,59,2023-02-04
26,Female,1630.0,Almaty,IT,14,58,2023-02-05
56,Male,2451.0,Shymkent,Finance,4,98,2023-02-06
35,Male,,Shymkent,IT,12,90,2023-02-07
21,Female,3610.0,Astana,Marketing,4,52,2023-02-08
42,Female,1275.0,Astana,Finance,10,60,2023-02-09
31,Female,3610.0,,Marketing,9,61,2023-02-10
26,Female,2126.0,Almaty,IT,19,59,2023-02-11
43,Female,1819.0,Shymkent,Finance,12,74,2023-02-12
19,Female,2636.0,,Marketing,8,98,2023-02-13
37,Female,3248.0,Shymkent,IT,13,98,2023-02-14
45,Male,,Shymkent,Marketing,17,74,2023-02-15
24,Female,1459.0,,HR,14,60,2023-02-16
25,Male,2810.0,Astana,IT,9,85,2023-02-17
52,Female,,Almaty,IT,6,88,2023-02-18
31,Female,2533.0,Almaty,IT,7,75,2023-02-19
34,Male,2925.0,Almaty,Finance,2,63,2023-02-20
53,Female,2971.0,,Finance,14,88,2023-02-21
57,Female,874.0,Shymkent,Finance,15,89,2023-02-22
21,Male,4271.0,Astana,HR,3,50,2023-02-23
19,Female,1636.0,Astana,HR,5,53,2023-02-24
23,Female,,Almaty,IT,0,79,2023-02-25
59,Female,,Almaty,HR,3,61,2023-02-26
21,Male,2897.0,Shymkent,Marketing,10,84,2023-02-27
46,Female,4496.0,Shymkent,IT,11,62,2023-02-28
35,Female,,Almaty,IT,4,80,2023-03-01
43,Female,,Astana,Marketing,15,87,2023-03-02
51,Female,4720.0,Astana,IT,12,92,2023-03-03
27,Male,,Astana,HR,12,72,2023-03-04
53,Male,3410.0,Almaty,Finance,16,53,2023-03-05
31,Female,4786.0,Astana,Marketing,6,65,2023-03-06
48,Female,2249.0,Shymkent,HR,7,56,2023-03-07
32,Male,1346.0,Shymkent,Marketing,12,71,2023-03-08
25,Male,2803.0,Almaty,Marketing,15,78,2023-03-09
31,Female,,Shymkent,IT,3,60,2023-03-10
40,Male,,Almaty,IT,7,82,2023-03-11
57,Female,3203.0,Astana,HR,15,78,2023-03-12
38,Male,,Astana,Marketing,9,88,2023-03-13
33,Male,4131.0,Astana,IT,11,61,2023-03-14
35,Male,,Shymkent,IT,11,56,2023-03-15
41,Male,3639.0,Almaty,Marketing,4,88,2023-03-16
43,Female,4184.0,Astana,HR,15,91,2023-03-17
42,Male,3459.0,Almaty,HR,0,97,2023-03-18
58,Male,2661.0,Astana,Marketing,8,75,2023-03-19
46,Female,3656.0,Shymkent,HR,11,89,2023-03-20
32,Male,1485.0,Shymkent,IT,4,58,2023-03-21
18,Male,,Almaty,Marketing,19,90,2023-03-22
42,Female,2231.0,Shymkent,IT,2,83,2023-03-23
24,Male,1675.0,Shymkent,Finance,4,94,2023-03-24
26,Female,3261.0,Almaty,Finance,1,62,2023-03-25
41,Female,2165.0,Astana,HR,13,85,2023-03-26
18,Female,2043.0,Shymkent,Finance,1,74,2023-03-27
25,Female,962.0,Almaty,IT,12,73,2023-03-28
41,Male,,Shymkent,Finance,6,93,2023-03-29
28,Female,4091.0,Shymkent,IT,9,66,2023-03-30
34,Male,1069.0,Shymkent,HR,12,51,2023-03-31
25,Male,1431.0,Shymkent,HR,15,62,2023-04-01
52,Male,1705.0,Almaty,IT,13,80,2023-04-02
52,Male,4271.0,Almaty,Finance,10,78,2023-04-03
50,Male,4053.0,Almaty,HR,9,99,2023-04-04
22,Male,2814.0,Shymkent,Marketing,5,77,2023-04-05
59,Male,2441.0,Shymkent,HR,3,76,2023-04-06
56,Male,1004.0,Shymkent,Finance,0,64,2023-04-07
58,Male,1381.0,Almaty,Marketing,6,80,2023-04-08
45,Male,1640.0,Shymkent,Finance,8,89,2023-04-09
24,Female,2519.0,Astana,IT,7,64,2023-04-10
26,Female,3443.0,Shymkent,Marketing,4,82,2023-04-11
25,Female,3097.0,Astana,Finance,18,69,2023-04-12
29,Male,1674.0,Shymkent,Marketing,9,91,2023-04-13
51,Female,1489.0,Almaty,Finance,10,61,2023-04-14
50,Female,4800.0,Shymkent,Marketing,14,86,2023-04-15
40,Female,3941.0,Astana,Finance,5,58,2023-04-16
41,Male,2222.0,Astana,IT,14,72,2023-04-17
54,Male,1471.0,Shymkent,Marketing,4,57,2023-04-18
52,Male,1971.0,Astana,Marketing,18,81,2023-04-19
57,Male,4526.0,Astana,Marketing,18,97,2023-04-20
39,Female,1743.0,Almaty,Marketing,9,63,2023-04-21
44,Female,,Shymkent,IT,11,76,2023-04-22
52,Female,4537.0,Shymkent,Marketing,3,74,2023-04-23
18,Female,3339.0,Shymkent,HR,17,62,2023-04-24
52,Male,,Astana,IT,15,70,2023-04-25
54,Male,3161.0,Shymkent,HR,7,94,2023-04-26
31,Male,,Shymkent,Marketing,3,80,2023-04-27
20,Female,4470.0,Almaty,Finance,11,86,2023-04-28
18,Male,2553.0,Almaty,HR,1,97,2023-04-29
22,Male,3152.0,Almaty,Marketing,3,92,2023-04-30
43,Female,2738.0,Astana,HR,4,54,2023-05-01
31,Female,,Shymkent,Marketing,2,62,2023-05-02
56,Male,2731.0,,Marketing,8,77,2023-05-03
44,Male,1224.0,Almaty,Marketing,17,92,2023-05-04
26,Male,1694.0,Almaty,Finance,10,74,2023-05-05
32,Male,1397.0,Shymkent,HR,2,84,2023-05-06
32,Male,3862.0,Shymkent,IT,1,96,2023-05-07
43,Male,3136.0,Shymkent,IT,8,88,2023-05-08
59,Female,2487.0,,IT,13,56,2023-05-09
30,Female,1372.0,Astana,IT,3,87,2023-05-10
49,Female,2890.0,Almaty,Marketing,8,81,2023-05-11
56,Male,4469.0,Shymkent,HR,12,52,2023-05-12
49,Female,2433.0,Almaty,HR,17,94,2023-05-13
21,Male,2317.0,,Finance,14,88,2023-05-14
47,Male,3457.0,Shymkent,HR,9,86,2023-05-15
54,Female,4448.0,Shymkent,HR,15,99,2023-05-16
40,Male,4388.0,Astana,HR,11,71,2023-05-17
56,Male,2337.0,Astana,Finance,19,57,2023-05-18
32,Female,,Shymkent,IT,4,66,2023-05-19
46,Female,897.0,Almaty,HR,1,76,2023-05-20
53,Female,,Shymkent,Finance,9,82,2023-05-21
30,Male,4550.0,Shymkent,Finance,0,95,2023-05-22
49,Female,3957.0,Almaty,Marketing,6,66,2023-05-23
24,Female,1143.0,Shymkent,Finance,16,91,2023-05-24
39,Male,1410.0,Almaty,IT,15,61,2023-05-25
45,Female,2527.0,Astana,HR,2,97,2023-05-26
19,Female,,Astana,Finance,13,95,2023-05-27
59,Female,2654.0,Almaty,IT,9,76,2023-05-28
23,Male,3408.0,Astana,Finance,6,97,2023-05-29
45,Male,2879.0,Astana,Finance,16,57,2023-05-30
45,Male,3124.0,Almaty,Finance,5,72,2023-05-31
37,Male,1977.0,Astana,Finance,3,91,2023-06-01
47,Female,1891.0,Shymkent,Finance,16,98,2023-06-02
28,Male,3591.0,Shymkent,IT,8,78,2023-06-03
45,Male,2549.0,Almaty,HR,3,99,2023-06-04
42,Female,3475.0,Astana,HR,6,69,2023-06-05
56,Female,1581.0,Shymkent,HR,1,65,2023-06-06
50,Female,3848.0,Shymkent,HR,16,66,2023-06-07
18,Male,2905.0,Astana,IT,7,65,2023-06-08
44,Male,4667.0,Astana,Marketing,14,68,2023-06-09
30,Male,2913.0,Shymkent,Marketing,14,57,2023-06-10
58,Female,4770.0,Shymkent,IT,7,87,2023-06-11
20,Female,2791.0,Almaty,IT,15,87,2023-06-12
56,Male,1867.0,Almaty,Finance,18,78,2023-06-13
23,Female,2377.0,Shymkent,Finance,10,90,2023-06-14
25,Female,1811.0,Almaty,Finance,1,85,2023-06-15
44,Female,3074.0,Shymkent,HR,16,75,2023-06-16
26,Male,2614.0,Shymkent,Finance,15,80,2023-06-17
54,Female,3226.0,Almaty,Marketing,14,93,2023-06-18
50,Female,3351.0,Almaty,HR,12,61,2023-06-19
59,Male,4457.0,Astana,Finance,14,66,2023-06-20
41,Male,807.0,Astana,HR,3,64,2023-06-21
32,Female,3355.0,Astana,Marketing,15,58,2023-06-22
49,Female,1275.0,Shymkent,Finance,11,88,2023-06-23
49,Male,3011.0,Almaty,Marketing,3,91,2023-06-24
41,Male,1284.0,,Marketing,2,97,2023-06-25
58,Female,3085.0,Almaty,Marketing,16,61,2023-06-26
29,Female,4325.0,Shymkent,Finance,17,81,2023-06-27
56,Female,4139.0,Astana,IT,17,74,2023-06-28
19,Female,3622.0,Astana,Finance,16,88,2023-06-29
20,Male,3724.0,Astana,Marketing,11,67,2023-06-30
54,Female,1058.0,Shymkent,Finance,3,64,2023-07-01
34,Female,1082.0,Almaty,Marketing,11,81,2023-07-02
19,Male,2698.0,,IT,19,55,2023-07-03
19,Female,4935.0,Astana,HR,14,93,2023-07-04
45,Male,3776.0,,IT,15,92,2023-07-05
40,Female,,Astana,IT,4,84,2023-07-06
54,Female,4000.0,Astana,HR,14,83,2023-07-07
49,Male,1412.0,,Finance,16,87,2023-07-08
50,Male,1487.0,Shymkent,HR,17,54,2023-07-09
18,Female,4490.0,Shymkent,Finance,4,67,2023-07-10
36,Female,1412.0,Shymkent,Finance,12,65,2023-07-11
19,Female,3107.0,Shymkent,Marketing,18,57,2023-07-12
43,Male,3813.0,Astana,Marketing,12,74,2023-07-13
49,Female,,Astana,HR,17,81,2023-07-14
23,Male,3391.0,Astana,IT,13,75,2023-07-15
49,Male,3496.0,Shymkent,HR,3,71,2023-07-16
21,Female,,Astana,Finance,3,80,2023-07-17
28,Male,1374.0,Astana,Marketing,19,92,2023-07-18
34,Female,2710.0,Almaty,HR,19,59,2023-07-19
55,Female,4404.0,Almaty,HR,18,61,2023-07-20
41,Female,1469.0,Astana,Marketing,12,77,2023-07-21
22,Female,2083.0,Almaty,Marketing,11,55,2023-07-22
51,Female,1723.0,Almaty,Marketing,6,69,2023-07-23
23,Male,,Astana,Finance,11,54,2023-07-24
39,Male,2329.0,Astana,Marketing,3,72,2023-07-25
28,Female,2394.0,Astana,IT,1,58,2023-07-26
33,Female,1046.0,Astana,HR,1,78,2023-07-27
50,Male,4511.0,Shymkent,Marketing,4,65,2023-07-28
26,Male,2360.0,Shymkent,Marketing,9,95,2023-07-29
23,Male,3200.0,Astana,Finance,9,71,2023-07-30
33,Male,3043.0,Almaty,Finance,8,57,2023-07-31
46,Female,4664.0,,HR,12,69,2023-08-01
20,Female,,Astana,IT,6,63,2023-08-02
37,Male,3869.0,Almaty,HR,4,88,2023-08-03
53,Female,1026.0,,Marketing,9,86,2023-08-04
36,Male,4347.0,Astana,IT,9,99,2023-08-05
43,Female,1064.0,Astana,IT,5,83,2023-08-06
20,Male,2195.0,Shymkent,IT,18,60,2023-08-07
36,Female,4357.0,Shymkent,IT,7,89,2023-08-08
37,Male,1445.0,Almaty,HR,0,82,2023-08-09
49,Male,3790.0,Shymkent,Finance,16,80,2023-08-10
24,Female,2699.0,Shymkent,Finance,6,93,2023-08-11
58,Male,3304.0,Shymkent,Marketing,13,83,2023-08-12
50,Female,3572.0,Almaty,Finance,16,99,2023-08-13
57,Female,,Shymkent,Finance,8,56,2023-08-14
56,Male,1387.0,Shymkent,Finance,16,98,2023-08-15
35,Female,2621.0,Almaty,Finance,4,72,2023-08-16
57,Female,1785.0,Shymkent,Marketing,19,95,2023-08-17
18,Female,,Shymkent,HR,7,56,2023-08-18
28,Female,4148.0,Almaty,IT,5,74,2023-08-19
45,Female,4631.0,,Finance,10,52,2023-08-20
42,Male,2041.0,Almaty,HR,18,87,2023-08-21
40,Female,989.0,Shymkent,Finance,3,69,2023-08-22
48,Female,1780.0,,Finance,17,83,2023-08-23
47,Female,2498.0,Shymkent,IT,0,98,2023-08-24
59,Female,,Almaty,IT,12,93,2023-08-25
52,Female,3393.0,Shymkent,IT,13,93,2023-08-26
24,Male,,Shymkent,Finance,0,79,2023-08-27
33,Female,,Almaty,Finance,10,66,2023-08-28
43,Male,3126.0,,Finance,16,59,2023-08-29
19,Male,,Astana,IT,3,84,2023-08-30
18,Male,1695.0,Shymkent,Marketing,11,69,2023-08-31
29,Male,2474.0,Almaty,HR,9,67,2023-09-01
22,Female,3709.0,Shymkent,Marketing,5,94,2023-09-02
54,Male,1730.0,Almaty,Finance,0,93,2023-09-03
49,Male,,Almaty,Finance,6,76,2023-09-04
26,Female,3740.0,Astana,Marketing,15,98,2023-09-05
58,Female,1889.0,Astana,Finance,13,85,2023-09-06
52,Female,1735.0,Almaty,HR,19,72,2023-09-07
36,Male,3095.0,Shymkent,Finance,19,81,2023-09-08
33,Female,955.0,Astana,HR,5,59,2023-09-09
20,Female,1870.0,Shymkent,Marketing,4,60,2023-09-10
37,Male,2758.0,Astana,Marketing,17,87,2023-09-11
41,Female,3301.0,Astana,Finance,14,55,2023-09-12
50,Female,4630.0,Shymkent,HR,5,90,2023-09-13
41,Female,,,Finance,18,96,2023-09-14
28,Female,1439.0,Astana,IT,0,83,2023-09-15
25,Male,3038.0,Shymkent,IT,0,85,2023-09-16
53,Female,2402.0,Astana,IT,12,86,2023-09-17
55,Female,1241.0,Astana,IT,2,66,2023-09-18
57,Male,2136.0,Astana,Finance,9,89,2023-09-19
37,Female,4500.0,Shymkent,IT,2,89,2023-09-20
52,Male,1748.0,Almaty,HR,8,61,2023-09-21
42,Female,4173.0,Shymkent,Marketing,7,70,2023-09-22
52,Male,1259.0,Almaty,Marketing,2,89,2023-09-23
42,Male,1192.0,Astana,IT,12,68,2023-09-24
46,Male,,Almaty,IT,5,52,2023-09-25
35,Male,2587.0,Shymkent,IT,12,67,2023-09-26
35,Female,3057.0,Shymkent,Finance,19,68,2023-09-27
19,Male,1938.0,Astana,Marketing,19,96,2023-09-28
52,Female,4608.0,Almaty,IT,11,55,2023-09-29
33,Male,3254.0,Astana,HR,12,65,2023-09-30
58,Male,2266.0,Astana,IT,1,57,2023-10-01
53,Male,4474.0,Shymkent,Marketing,15,97,2023-10-02
50,Female,2177.0,Almaty,IT,5,67,2023-10-03
21,Male,3397.0,,Marketing,18,97,2023-10-04
50,Female,941.0,Almaty,IT,12,92,2023-10-05
31,Female,3459.0,Almaty,HR,16,88,2023-10-06
38,Female,1639.0,Astana,IT,8,98,2023-10-07
37,Female,4418.0,Astana,HR,16,98,2023-10-08
25,Female,4717.0,Shymkent,HR,1,61,2023-10-09
24,Female,1395.0,Astana,IT,18,94,2023-10-10
20,Female,2704.0,Astana,HR,18,59,2023-10-11
34,Female,1080.0,,Finance,6,56,2023-10-12
50,Female,1223.0,Shymkent,IT,9,95,2023-10-13
29,Male,2550.0,Shymkent,IT,9,50,2023-10-14
39,Male,,Astana,HR,19,98,2023-10-15
39,Male,4888.0,Astana,HR,8,85,2023-10-16
47,Male,4978.0,Shymkent,IT,16,70,2023-10-17
55,Male,3746.0,,Finance,14,86,2023-10-18
55,Female,2249.0,Shymkent,HR,1,73,2023-10-19
25,Female,3131.0,Astana,HR,3,74,2023-10-20
44,Female,3020.0,,Marketing,18,56,2023-10-21
44,Female,4589.0,Almaty,Finance,16,91,2023-10-22
51,Female,3610.0,Astana,Finance,4,66,2023-10-23
38,Female,2331.0,Astana,IT,6,78,2023-10-24
47,Female,3790.0,Astana,Finance,17,79,2023-10-25
50,Male,1943.0,Shymkent,IT,6,56,2023-10-26
45,Male,1733.0,,Marketing,16,82,2023-10-27
50,Male,2260.0,Shymkent,Finance,6,56,2023-10-28
22,Male,3523.0,Almaty,HR,3,73,2023-10-29
36,Female,3312.0,Almaty,Marketing,7,60,2023-10-30
21,Female,1085.0,Shymkent,IT,12,58,2023-10-31
52,Female,1064.0,Shymkent,Marketing,3,61,2023-11-01
34,Male,3167.0,Shymkent,IT,5,84,2023-11-02
45,Female,4247.0,Astana,Marketing,4,53,2023-11-03
47,Female,2562.0,Almaty,IT,11,85,2023-11-04
46,Female,3848.0,Shymkent,Finance,3,77,2023-11-05
23,Male,3181.0,Astana,HR,8,62,2023-11-06
52,Female,3069.0,,IT,3,72,2023-11-07
58,Male,840.0,Astana,Marketing,18,68,2023-11-08
54,Male,867.0,Almaty,IT,13,91,2023-11-09
41,Male,1787.0,Astana,IT,4,86,2023-11-10
46,Male,4808.0,Almaty,IT,17,88,2023-11-11
48,Female,,Almaty,Marketing,9,73,2023-11-12
52,Male,3324.0,Astana,HR,18,65,2023-11-13
50,Male,1885.0,Shymkent,Finance,11,82,2023-11-14
38,Female,3279.0,Almaty,HR,17,61,2023-11-15
49,Female,2493.0,Shymkent,IT,16,83,2023-11-16
40,Male,3115.0,Astana,Marketing,10,56,2023-11-17
50,Female,1578.0,Shymkent,HR,2,60,2023-11-18
20,Male,2385.0,Shymkent,IT,16,80,2023-11-19
35,Male,2292.0,Shymkent,Finance,0,78,2023-11-20
42,Male,,Shymkent,Finance,14,62,2023-11-21
59,Male,2148.0,Shymkent,Finance,8,80,2023-11-22
48,Female,2099.0,Almaty,IT,14,51,2023-11-23
20,Male,4740.0,Almaty,Marketing,2,88,2023-11-24
57,Female,2786.0,Almaty,HR,18,64,2023-11-25
41,Female,2844.0,Astana,Finance,12,60,2023-11-26
49,Female,4316.0,Shymkent,IT,11,83,2023-11-27
39,Female,1858.0,Almaty,IT,19,88,2023-11-28
40,Male,1776.0,Astana,HR,0,53,2023-11-29
19,Female,1527.0,,Finance,16,60,2023-11-30
44,Male,3327.0,Almaty,IT,12,78,2023-12-01
59,Female,,Shymkent,HR,0,51,2023-12-02
19,Female,,Astana,Marketing,9,65,2023-12-03
43,Male,2247.0,Shymkent,Marketing,14,88,2023-12-04
34,Male,3179.0,Shymkent,Marketing,6,62,2023-12-05
57,Male,4459.0,Almaty,Finance,17,86,2023-12-06
50,Female,1326.0,Shymkent,HR,15,66,2023-12-07
26,Female,2696.0,Astana,HR,13,70,2023-12-08
56,Male,2873.0,Shymkent,IT,17,93,2023-12-09
46,Male,1205.0,Shymkent,IT,6,68,2023-12-10
59,Male,2373.0,Shymkent,IT,16,56,2023-12-11
43,Male,4540.0,Almaty,HR,17,87,2023-12-12
52,Female,2646.0,Astana,IT,11,57,2023-12-13
42,Male,2278.0,Almaty,HR,7,62,2023-12-14
41,Male,3195.0,Almaty,HR,1,86,2023-12-15
30,Male,1571.0,Almaty,Marketing,6,51,2023-12-16
24,Male,1378.0,Almaty,IT,3,90,2023-12-17
53,Female,3701.0,Almaty,Marketing,17,60,2023-12-18
37,Male,993.0,Astana,Finance,5,73,2023-12-19
18,Female,2807.0,Shymkent,Finance,8,55,2023-12-20
25,Male,1985.0,Almaty,Finance,8,75,2023-12-21
33,Male,3194.0,Almaty,HR,13,56,2023-12-22
31,Female,,Astana,HR,7,88,2023-12-23
29,Male,2592.0,Astana,HR,18,68,2023-12-24
40,Female,1910.0,Shymkent,IT,2,55,2023-12-25
32,Female,4805.0,Astana,Marketing,17,92,2023-12-26
45,Male,3061.0,Shymkent,HR,4,78,2023-12-27
51,Female,4536.0,Almaty,Marketing,13,92,2023-12-28
19,Female,4593.0,Almaty,Marketing,3,88,2023-12-29
49,Female,,Shymkent,Marketing,6,51,2023-12-30
40,Female,1529.0,Astana,IT,19,68,2023-12-31
39,Female,4251.0,Shymkent,IT,11,53,2024-01-01
42,Female,2940.0,Astana,Finance,1,55,2024-01-02
39,Female,2444.0,Almaty,Finance,10,98,2024-01-03
39,Female,3600.0,Astana,Marketing,13,86,2024-01-04
59,Male,941.0,Shymkent,Finance,15,77,2024-01-05
23,Male,2255.0,Shymkent,Marketing,19,79,2024-01-06
32,Female,2896.0,Almaty,IT,5,56,2024-01-07
54,Male,2125.0,Astana,IT,3,58,2024-01-08
50,Female,,Astana,IT,14,74,2024-01-09
25,Female,,Astana,HR,0,82,2024-01-10
22,Male,1140.0,Almaty,Marketing,6,50,2024-01-11
56,Female,4628.0,Astana,IT,11,55,2024-01-12
21,Female,2768.0,Shymkent,Marketing,9,67,2024-01-13
23,Female,,Astana,Finance,4,59,2024-01-14
49,Female,3229.0,Almaty,Finance,11,77,2024-01-15
47,Male,2600.0,Astana,IT,17,60,2024-01-16
52,Female,1655.0,Astana,Marketing,9,82,2024-01-17
57,Female,,Shymkent,IT,5,50,2024-01-18
33,Female,,Astana,Finance,11,62,2024-01-19
30,Male,,Shymkent,IT,6,86,2024-01-20
59,Female,982.0,Shymkent,Marketing,17,69,2024-01-21
47,Male,3912.0,,Finance,1,50,2024-01-22
36,Male,2317.0,,HR,9,52,2024-01-23
34,Female,2156.0,Shymkent,Finance,14,67,2024-01-24
36,Female,2974.0,Almaty,HR,11,90,2024-01-25
45,Male,,Shymkent,IT,16,63,2024-01-26
43,Female,4428.0,Almaty,IT,3,80,2024-01-27
54,Male,4896.0,Astana,Marketing,6,76,2024-01-28
43,Male,4039.0,Almaty,HR,8,66,2024-01-29
40,Female,,Shymkent,IT,18,95,2024-01-30
26,Female,818.0,Almaty,HR,6,78,2024-01-31
29,Male,4203.0,Shymkent,IT,1,85,2024-02-01
18,Male,3804.0,Astana,Finance,5,86,2024-02-02
18,Male,1932.0,Almaty,IT,17,75,2024-02-03
51,Male,4139.0,Astana,Marketing,5,66,2024-02-04
49,Female,4111.0,Shymkent,Finance,12,71,2024-02-05
42,Female,4172.0,Shymkent,Marketing,18,74,2024-02-06
57,Female,1787.0,Astana,Finance,1,51,2024-02-07
18,Female,4121.0,Almaty,HR,11,71,2024-02-08
33,Female,973.0,Almaty,Marketing,14,54,2024-02-09
56,Male,4541.0,Shymkent,IT,13,53,2024-02-10
22,Female,3852.0,Astana,HR,5,85,2024-02-11
39,Female,1526.0,Astana,IT,17,55,2024-02-12
46,Female,4560.0,Almaty,Finance,4,70,2024-02-13
20,Female,,Almaty,Finance,17,62,2024-02-14
29,Female,4833.0,Almaty,IT,2,86,2024-02-15
43,Male,1789.0,Astana,IT,2,74,2024-02-16
33,Male,,Almaty,HR,9,75,2024-02-17
54,Male,3486.0,Almaty,IT,18,88,2024-02-18
39,Female,1219.0,Shymkent,Marketing,2,69,2024-02-19
46,Male,1393.0,Almaty,Marketing,11,82,2024-02-20
31,Male,,,IT,15,63,2024-02-21
45,Female,3259.0,Astana,Marketing,16,85,2024-02-22
22,Female,1735.0,Astana,IT,6,66,2024-02-23
47,Female,,Shymkent,HR,12,70,2024-02-24
22,Male,1131.0,Almaty,Marketing,1,95,2024-02-25
29,Male,4249.0,Shymkent,Marketing,3,65,2024-02-26
33,Female,3502.0,Astana,IT,9,95,2024-02-27
43,Female,4806.0,Shymkent,Marketing,6,65,2024-02-28
43,Male,4668.0,Astana,Finance,16,69,2024-02-29
38,Male,1001.0,Shymkent,HR,19,78,2024-03-01
56,Female,3297.0,Shymkent,HR,5,77,2024-03-02
53,Female,2642.0,Almaty,Marketing,18,57,2024-03-03
50,Male,2666.0,Shymkent,Marketing,4,73,2024-03-04
47,Female,2796.0,Almaty,Finance,9,52,2024-03-05
54,Male,1709.0,Almaty,Finance,8,74,2024-03-06
40,Male,3989.0,Almaty,Marketing,12,68,2024-03-07
27,Male,,Almaty,Marketing,18,82,2024-03-08
22,Male,,Shymkent,Finance,5,51,2024-03-09
53,Female,3301.0,Astana,IT,3,64,2024-03-10
51,Female,3514.0,Astana,Finance,2,71,2024-03-11
48,Male,4385.0,Astana,IT,2,59,2024-03-12
27,Male,2428.0,Shymkent,HR,3,67,2024-03-13
36,Male,1186.0,Almaty,HR,4,71,2024-03-14
49,Male,4221.0,Astana,Finance,7,95,2024-03-15
18,Male,4808.0,Shymkent,IT,15,98,2024-03-16
22,Female,,Almaty,Finance,2,76,2024-03-17
21,Female,3266.0,Astana,Finance,11,62,2024-03-18
33,Female,3082.0,Almaty,IT,7,82,2024-03-19
41,Female,2656.0,Astana,Finance,12,54,2024-03-20
33,Male,2798.0,Astana,HR,3,75,2024-03-21
19,Male,2036.0,Astana,Marketing,13,62,2024-03-22
45,Male,4944.0,Almaty,Marketing,13,76,2024-03-23
49,Male,,Shymkent,Finance,12,63,2024-03-24
44,Male,2231.0,Almaty,IT,5,73,2024-03-25
37,Female,2619.0,,IT,16,52,2024-03-26
41,Male,3124.0,,HR,3,96,2024-03-27
29,Female,1930.0,Shymkent,IT,7,98,2024-03-28
52,Female,3458.0,Almaty,IT,16,79,2024-03-29
50,Female,4300.0,Shymkent,HR,2,84,2024-03-30
50,Female,1174.0,Shymkent,Finance,16,97,2024-03-31
54,Male,2920.0,Almaty,Marketing,8,63,2024-04-01
29,Female,4820.0,Astana,HR,1,61,2024-04-02
20,Female,,Shymkent,Finance,12,77,2024-04-03
18,Female,4505.0,Almaty,HR,19,93,2024-04-04
50,Male,,Shymkent,Finance,1,78,2024-04-05
57,Male,4235.0,Astana,HR,19,92,2024-04-06
27,Male,2689.0,Almaty,Finance,10,66,2024-04-07
46,Female,,,HR,14,89,2024-04-08
30,Female,2274.0,Almaty,Finance,10,98,2024-04-09
29,Male,3042.0,Astana,HR,2,70,2024-04-10
48,Female,4043.0,,Marketing,2,72,2024-04-11
19,Male,3934.0,Almaty,Marketing,11,69,2024-04-12
52,Male,2870.0,Shymkent,IT,4,60,2024-04-13
40,Female,1159.0,Shymkent,Finance,19,83,2024-04-14
34,Female,2841.0,Astana,HR,6,59,2024-04-15
43,Female,1941.0,Almaty,Finance,6,59,2024-04-16
25,Female,,Shymkent,Marketing,12,92,2024-04-17
46,Male,4800.0,Almaty,Finance,8,55,2024-04-18
43,Male,2743.0,Almaty,HR,12,85,2024-04-19
27,Male,4161.0,Astana,Finance,11,73,2024-04-20
43,Male,3780.0,Almaty,HR,12,61,2024-04-21
51,Male,806.0,Almaty,Marketing,9,92,2024-04-22
58,Female,4067.0,,Marketing,0,72,2024-04-23
24,Male,2391.0,Astana,Marketing,7,76,2024-04-24
21,Male,4064.0,Almaty,IT,15,94,2024-04-25
28,Male,3406.0,Shymkent,Marketing,12,86,2024-04-26
46,Female,4019.0,Astana,Finance,2,55,2024-04-27
53,Female,4073.0,Astana,IT,2,50,2024-04-28
42,Female,1713.0,Shymkent,Marketing,4,55,2024-04-29
38,Female,2811.0,Shymkent,Finance,10,99,2024-04-30
53,Male,2242.0,Shymkent,Finance,6,71,2024-05-01
27,Male,3854.0,Shymkent,Finance,9,90,2024-05-02
54,Female,4346.0,Shymkent,HR,9,73,2024-05-03
26,Female,,Almaty,IT,19,74,2024-05-04
41,Male,2629.0,Almaty,Finance,1,64,2024-05-05
52,Male,1375.0,,HR,2,75,2024-05-06
52,Female,,Almaty,Marketing,7,57,2024-05-07
53,Female,4559.0,Almaty,Finance,10,73,2024-05-08
35,Female,4499.0,Almaty,HR,12,97,2024-05-09
56,Female,2263.0,Shymkent,Finance,6,87,2024-05-10
49,Male,4075.0,Astana,IT,12,55,2024-05-11
41,Male,,Astana,IT,1,84,2024-05-12
40,Male,2700.0,Astana,Marketing,5,91,2024-05-13
49,Female,2257.0,Astana,Finance,8,50,2024-05-14
54,Female,2199.0,,HR,19,95,2024-05-15
29,Male,4215.0,Almaty,Marketing,1,85,2024-05-16
30,Male,1242.0,Shymkent,Finance,17,61,2024-05-17
40,Male,,Astana,Marketing,15,87,2024-05-18
42,Male,1978.0,Almaty,HR,11,60,2024-05-19
52,Female,2057.0,Almaty,Marketing,6,61,2024-05-20
58,Male,4434.0,Shymkent,Marketing,6,91,2024-05-21
47,Male,2641.0,Shymkent,Marketing,16,99,2024-05-22
34,Male,3109.0,Shymkent,Finance,12,88,2024-05-23
37,Male,1710.0,Almaty,HR,10,56,2024-05-24
42,Male,4809.0,Almaty,IT,5,60,2024-05-25
39,Male,2969.0,Shymkent,Finance,13,85,2024-05-26
30,Male,2972.0,,IT,5,80,2024-05-27
36,Female,923.0,Shymkent,IT,5,82,2024-05-28
53,Female,3958.0,Shymkent,Finance,1,62,2024-05-29
29,Female,1585.0,Shymkent,Finance,19,67,2024-05-30
58,Female,3216.0,Shymkent,HR,14,90,2024-05-31
36,Male,1596.0,Almaty,HR,16,73,2024-06-01
29,Female,4972.0,Astana,Marketing,7,58,2024-06-02
26,Female,4954.0,Shymkent,IT,4,80,2024-06-03
24,Male,2736.0,Astana,HR,16,90,2024-06-04
45,Male,2956.0,Astana,Marketing,19,59,2024-06-05
31,Female,4607.0,Astana,HR,0,51,2024-06-06
48,Female,2101.0,Shymkent,Finance,17,87,2024-06-07
36,Male,4963.0,Almaty,HR,14,64,2024-06-08
33,Female,3940.0,Shymkent,IT,4,52,2024-06-09
22,Male,4036.0,Astana,HR,6,92,2024-06-10
52,Male,3152.0,Astana,IT,17,80,2024-06-11
29,Male,2732.0,Almaty,Finance,5,55,2024-06-12
42,Male,3521.0,Shymkent,IT,4,52,2024-06-13
38,Female,1164.0,Astana,HR,18,60,2024-06-14
53,Male,3190.0,Almaty,Marketing,9,64,2024-06-15
40,Male,,,Finance,14,94,2024-06-16
33,Female,2177.0,Almaty,HR,9,77,2024-06-17
56,Male,2239.0,Almaty,Finance,15,59,2024-06-18
59,Female,3980.0,Shymkent,Finance,11,87,2024-06-19
56,Female,1140.0,Astana,HR,17,96,2024-06-20
31,Female,3789.0,Shymkent,HR,0,99,2024-06-21
48,Male,,Astana,Marketing,15,99,2024-06-22
22,Female,2356.0,Shymkent,Finance,5,56,2024-06-23
52,Female,1099.0,,Finance,2,64,2024-06-24
40,Male,938.0,Shymkent,HR,1,67,2024-06-25
46,Female,1158.0,Almaty,IT,1,67,2024-06-26
28,Female,2322.0,Astana,HR,12,90,2024-06-27
35,Female,4256.0,Astana,Finance,8,73,2024-06-28
29,Female,2427.0,Almaty,HR,15,51,2024-06-29
26,Female,2103.0,Shymkent,Marketing,4,89,2024-06-30
27,Male,1934.0,Astana,IT,6,69,2024-07-01
34,Female,2986.0,Astana,HR,12,83,2024-07-02
55,Female,3970.0,Shymkent,Marketing,19,92,2024-07-03
24,Male,4635.0,Almaty,Finance,12,75,2024-07-04
30,Male,2951.0,Shymkent,HR,6,56,2024-07-05
57,Male,2037.0,Shymkent,Finance,9,87,2024-07-06
59,Female,4535.0,Shymkent,Marketing,14,79,2024-07-07
26,Male,3634.0,Astana,Finance,5,91,2024-07-08
44,Female,1798.0,Almaty,Marketing,4,54,2024-07-09
19,Female,3367.0,,Marketing,1,60,2024-07-10
22,Male,,Shymkent,Marketing,14,50,2024-07-11
46,Male,1456.0,Astana,HR,15,83,2024-07-12
54,Female,,Shymkent,Finance,18,50,2024-07-13
55,Male,3011.0,Astana,Finance,8,68,2024-07-14
36,Female,2709.0,Astana,IT,18,51,2024-07-15
25,Male,4530.0,Astana,IT,6,70,2024-07-16
18,Male,2846.0,Astana,IT,3,69,2024-07-17
39,Male,3962.0,Almaty,IT,2,72,2024-07-18
34,Female,,,Finance,19,70,2024-07-19
24,Male,1066.0,Astana,Marketing,10,73,2024-07-20
42,Female,,Shymkent,Marketing,0,53,2024-07-21
21,Female,,Shymkent,HR,5,61,2024-07-22
53,Female,4430.0,Almaty,Marketing,10,71,2024-07-23
23,Female,4011.0,Shymkent,Finance,0,69,2024-07-24
48,Male,3093.0,Astana,Finance,6,67,2024-07-25
36,Female,,Shymkent,Finance,5,50,2024-07-26
56,Female,4629.0,Almaty,HR,13,79,2024-07-27
44,Male,2310.0,Shymkent,IT,1,82,2024-07-28
27,Female,1275.0,Shymkent,Marketing,3,73,2024-07-29
43,Male,,Almaty,Finance,10,63,2024-07-30
36,Female,2007.0,Almaty,Finance,14,85,2024-07-31
56,Male,2760.0,Astana,IT,17,54,2024-08-01
20,Female,1357.0,Shymkent,Finance,0,60,2024-08-02
30,Male,1682.0,Astana,Marketing,2,73,2024-08-03
45,Female,2994.0,Shymkent,HR,2,80,2024-08-04
37,Female,3467.0,Shymkent,Finance,6,62,2024-08-05
45,Male,2410.0,Astana,Marketing,0,65,2024-08-06
25,Male,4288.0,Shymkent,Finance,10,73,2024-08-07
58,Male,3254.0,,IT,5,62,2024-08-08
56,Male,2746.0,Shymkent,Finance,19,73,2024-08-09
18,Female,3608.0,Almaty,Finance,2,75,2024-08-10
20,Female,4625.0,Astana,HR,18,51,2024-08-11
30,Male,4336.0,Almaty,IT,1,65,2024-08-12
45,Female,4602.0,,IT,17,87,2024-08-13
42,Male,4977.0,Astana,HR,11,95,2024-08-14
50,Male,2770.0,Shymkent,Finance,9,50,2024-08-15
55,Female,4622.0,Astana,Marketing,4,98,2024-08-16
23,Female,3619.0,Almaty,IT,8,60,2024-08-17
49,Female,1702.0,Almaty,IT,1,84,2024-08-18
38,Female,1164.0,Almaty,Finance,1,92,2024-08-19
33,Female,3919.0,Astana,Finance,5,78,2024-08-20
38,Female,,Almaty,IT,9,86,2024-08-21
28,Female,2663.0,,Finance,17,66,2024-08-22
54,Male,,,Marketing,11,88,2024-08-23
53,Male,3184.0,Almaty,IT,3,91,2024-08-24
52,Male,4735.0,Astana,Marketing,16,77,2024-08-25
36,Male,3290.0,Almaty,Marketing,14,78,2024-08-26
37,Male,1742.0,Shymkent,Finance,5,92,2024-08-27
35,Female,2524.0,Astana,Marketing,15,52,2024-08-28
58,Male,3134.0,,Finance,16,59,2024-08-29
31,Male,3567.0,Astana,HR,2,91,2024-08-30
32,Male,1937.0,Shymkent,Finance,9,63,2024-08-31
48,Male,3327.0,Astana,Marketing,4,61,2024-09-01
18,Male,4917.0,Almaty,HR,13,96,2024-09-02
20,Male,4220.0,Almaty,Finance,12,91,2024-09-03
33,Male,4706.0,Almaty,Marketing,5,79,2024-09-04
40,Female,4437.0,Astana,IT,11,81,2024-09-05
28,Female,3753.0,Almaty,IT,7,81,2024-09-06
29,Male,,Astana,Finance,4,91,2024-09-07
27,Female,1076.0,Almaty,Finance,14,81,2024-09-08
49,Female,2799.0,Shymkent,IT,15,75,2024-09-09
33,Female,2027.0,,Marketing,0,50,2024-09-10
25,Female,4552.0,,Marketing,15,91,2024-09-11
55,Male,4535.0,Shymkent,Marketing,4,51,2024-09-12
29,Female,1495.0,Astana,Finance,2,66,2024-09-13
41,Female,,Almaty,HR,19,79,2024-09-14
45,Female,4952.0,Shymkent,HR,14,88,2024-09-15
25,Male,4034.0,Astana,HR,12,56,2024-09-16
45,Male,4914.0,Shymkent,HR,15,76,2024-09-17
53,Male,3111.0,Shymkent,HR,10,58,2024-09-18
43,Male,3641.0,Astana,Finance,1,71,2024-09-19
25,Male,4359.0,Astana,Finance,5,83,2024-09-20
45,Male,,Almaty,HR,5,95,2024-09-21
45,Male,1341.0,Almaty,Finance,13,98,2024-09-22
54,Female,3494.0,Shymkent,Finance,10,50,2024-09-23
58,Female,1888.0,Shymkent,HR,7,58,2024-09-24
53,Female,4163.0,Almaty,Marketing,7,69,2024-09-25
44,Male,824.0,Almaty,Finance,0,68,2024-09-26
34,Male,2372.0,Astana,Marketing,6,85,2024-09-27
26,Male,,Almaty,Finance,5,89,2024-09-28
50,Male,,Almaty,Finance,7,94,2024-09-29
37,Male,3035.0,Shymkent,HR,18,53,2024-09-30
30,Female,,Almaty,Finance,19,58,2024-10-01
45,Female,3998.0,Shymkent,IT,7,90,2024-10-02
46,Male,1056.0,Almaty,IT,13,71,2024-10-03
30,Male,,Astana,HR,17,67,2024-10-04
52,Male,,Almaty,Marketing,15,61,2024-10-05
23,Male,3975.0,Almaty,Marketing,8,91,2024-10-06
35,Female,4406.0,Almaty,Marketing,14,92,2024-10-07
22,Male,,Shymkent,IT,9,88,2024-10-08
42,Male,1213.0,Astana,Marketing,15,58,2024-10-09
19,Male,2814.0,Almaty,Marketing,3,55,2024-10-10
27,Male,2181.0,Shymkent,HR,19,68,2024-10-11
47,Female,1898.0,Astana,Marketing,12,97,2024-10-12
22,Male,4226.0,Shymkent,IT,4,96,2024-10-13
50,Male,,Shymkent,IT,6,56,2024-10-14
18,Female,1709.0,Astana,IT,8,65,2024-10-15
35,Female,987.0,Almaty,HR,7,54,2024-10-16
49,Female,4844.0,Shymkent,HR,15,65,2024-10-17
28,Male,4556.0,,Finance,5,50,2024-10-18
38,Male,2815.0,Almaty,Marketing,15,86,2024-10-19
43,Female,2892.0,Almaty,HR,5,88,2024-10-20
42,Female,4444.0,Astana,IT,13,68,2024-10-21
39,Female,2930.0,Astana,IT,0,86,2024-10-22
44,Female,,Astana,HR,8,66,2024-10-23
30,Female,3222.0,,HR,12,75,2024-10-24
50,Female,2297.0,Shymkent,HR,18,71,2024-10-25
51,Male,2958.0,Shymkent,Finance,16,57,2024-10-26
58,Male,3355.0,Astana,IT,10,82,2024-10-27
52,Male,3142.0,Almaty,Finance,7,51,2024-10-28
18,Female,,Shymkent,Finance,4,79,2024-10-29
38,Female,2038.0,Astana,Marketing,9,96,2024-10-30
23,Female,1773.0,Shymkent,IT,6,69,2024-10-31
45,Female,4765.0,Shymkent,IT,9,67,2024-11-01
34,Female,,,HR,3,92,2024-11-02
22,Female,4501.0,Almaty,HR,8,59,2024-11-03
48,Male,3580.0,Shymkent,Marketing,13,73,2024-11-04
22,Male,2388.0,Astana,Finance,1,53,2024-11-05
55,Female,4678.0,Almaty,HR,8,86,2024-11-06
20,Male,3168.0,Shymkent,HR,0,53,2024-11-07
40,Female,1236.0,Almaty,IT,9,62,2024-11-08
54,Male,3628.0,Almaty,IT,9,74,2024-11-09
54,Female,,Almaty,HR,19,62,2024-11-10
27,Female,4658.0,Shymkent,IT,2,67,2024-11-11
27,Male,2104.0,Astana,Marketing,5,73,2024-11-12
36,Male,3184.0,Astana,HR,5,51,2024-11-13
34,Female,982.0,Astana,IT,1,97,2024-11-14
38,Female,,Almaty,Marketing,17,82,2024-11-15
31,Male,2387.0,Shymkent,IT,1,68,2024-11-16
26,Male,1459.0,Almaty,IT,11,58,2024-11-17
18,Female,959.0,,IT,4,77,2024-11-18
30,Male,4753.0,Astana,HR,19,84,2024-11-19
21,Female,1811.0,Shymkent,Finance,6,88,2024-11-20
18,Female,852.0,Almaty,IT,15,59,2024-11-21
57,Female,3107.0,Astana,Marketing,19,50,2024-11-22
49,Female,2028.0,Shymkent,HR,0,91,2024-11-23
51,Male,1835.0,Almaty,HR,0,70,2024-11-24
45,Male,4502.0,Almaty,Marketing,16,58,2024-11-25
48,Male,4845.0,Astana,IT,0,96,2024-11-26
25,Male,2064.0,Astana,Finance,19,64,2024-11-27
56,Male,,Almaty,IT,12,84,2024-11-28
43,Male,2609.0,Almaty,Marketing,8,54,2024-11-29
51,Male,3967.0,Astana,HR,14,90,2024-11-30
20,Female,4597.0,Almaty,Finance,2,71,2024-12-01
29,Male,3141.0,Astana,HR,13,90,2024-12-02
18,Male,4214.0,Almaty,Marketing,10,72,2024-12-03
22,Female,1617.0,Astana,IT,11,56,2024-12-04
47,Male,3237.0,Shymkent,Finance,12,72,2024-12-05
47,Male,1688.0,Astana,HR,12,93,2024-12-06
34,Female,1467.0,Astana,HR,0,74,2024-12-07
40,Male,3424.0,Shymkent,HR,9,76,2024-12-08
32,Male,1618.0,Almaty,IT,2,90,2024-12-09
54,Male,2988.0,Shymkent,Finance,3,55,2024-12-10
38,Female,1906.0,Astana,IT,15,83,2024-12-11
31,Male,3024.0,Almaty,IT,7,58,2024-12-12
19,Male,,Shymkent,IT,15,98,2024-12-13
28,Female,,Almaty,Marketing,16,82,2024-12-14
56,Male,4292.0,Almaty,Marketing,18,55,2024-12-15
55,Female,3248.0,Shymkent,Marketing,14,86,2024-12-16
51,Female,1270.0,Almaty,Finance,15,80,2024-12-17
55,Male,2748.0,Shymkent,IT,14,83,2024-12-18
51,Female,4699.0,Astana,IT,1,90,2024-12-19
35,Female,2810.0,Almaty,Marketing,10,78,2024-12-20
47,Male,4600.0,Astana,IT,0,63,2024-12-21
32,Female,4918.0,Astana,IT,14,85,2024-12-22
44,Female,4596.0,Almaty,HR,18,85,2024-12-23
51,Male,4788.0,Shymkent,IT,3,64,2024-12-24
55,Male,1034.0,Almaty,HR,10,57,2024-12-25
50,Male,1728.0,Astana,IT,4,75,2024-12-26
41,Female,4407.0,Astana,Finance,2,85,2024-12-27
32,Male,1322.0,Shymkent,Marketing,12,97,2024-12-28
47,Female,4323.0,Almaty,HR,9,70,2024-12-29
59,Female,,Astana,Marketing,10,77,2024-12-30
34,Female,2116.0,Astana,HR,17,53,2024-12-31
22,Female,3657.0,Astana,HR,1,65,2025-01-01
46,Female,1924.0,Shymkent,HR,6,71,2025-01-02
21,Female,3387.0,Astana,Finance,8,61,2025-01-03
27,Female,1823.0,Astana,IT,9,65,2025-01-04
34,Male,2178.0,Almaty,HR,17,89,2025-01-05
27,Male,4174.0,Almaty,Finance,6,87,2025-01-06
34,Female,,Astana,HR,6,91,2025-01-07
37,Female,1026.0,Astana,IT,2,86,2025-01-08
41,Male,1691.0,Almaty,HR,11,78,2025-01-09
22,Female,4872.0,Shymkent,Finance,6,67,2025-01-10
51,Male,3057.0,Shymkent,IT,16,59,2025-01-11
23,Male,3588.0,Shymkent,Finance,0,91,2025-01-12
19,Male,1196.0,Shymkent,IT,4,88,2025-01-13
30,Female,2878.0,Shymkent,IT,15,67,2025-01-14
28,Female,,Shymkent,Marketing,14,50,2025-01-15
40,Male,4693.0,Shymkent,Marketing,1,88,2025-01-16
33,Male,2805.0,Shymkent,Marketing,8,70,2025-01-17
48,Male,2816.0,Almaty,IT,6,50,2025-01-18
28,Male,3971.0,Shymkent,HR,3,64,2025-01-19
33,Male,3468.0,Shymkent,Finance,19,53,2025-01-20
25,Female,2678.0,Shymkent,Finance,17,69,2025-01-21
21,Male,1996.0,Astana,Finance,3,59,2025-01-22
57,Female,2572.0,Almaty,Marketing,12,72,2025-01-23
21,Male,961.0,Almaty,IT,0,90,2025-01-24
42,Female,4776.0,Almaty,Marketing,2,83,2025-01-25
20,Female,2551.0,Shymkent,HR,15,95,2025-01-26
49,Female,1575.0,Shymkent,IT,3,97,2025-01-27
20,Female,1739.0,Astana,Finance,15,82,2025-01-28
44,Female,4020.0,Almaty,Marketing,18,83,2025-01-29
46,Female,1339.0,Shymkent,Marketing,0,88,2025-01-30
49,Male,2261.0,Almaty,HR,4,59,2025-01-31
36,Female,1155.0,Astana,HR,18,69,2025-02-01
38,Male,4404.0,Astana,Marketing,10,50,2025-02-02
22,Female,4123.0,Astana,HR,12,62,2025-02-03
35,Female,,,Finance,19,50,2025-02-04
45,Male,2348.0,Shymkent,HR,4,54,2025-02-05
59,Female,2896.0,Shymkent,HR,3,65,2025-02-06
39,Male,2901.0,Astana,Marketing,3,64,2025-02-07
38,Male,,Shymkent,Marketing,3,98,2025-02-08
23,Male,2900.0,Astana,IT,3,77,2025-02-09
18,Male,4457.0,Almaty,IT,19,80,2025-02-10
22,Female,4396.0,Astana,Marketing,17,72,2025-02-11
58,Female,4548.0,Almaty,HR,17,97,2025-02-12
29,Male,3973.0,Astana,HR,15,94,2025-02-13
43,Female,2615.0,Shymkent,IT,8,92,2025-02-14
51,Female,4641.0,Shymkent,IT,17,66,2025-02-15
31,Male,2805.0,,IT,1,98,2025-02-16
43,Female,1474.0,Shymkent,Finance,3,83,2025-02-17
44,Male,1186.0,Shymkent,Finance,11,62,2025-02-18
26,Male,2958.0,Shymkent,IT,6,63,2025-02-19
43,Female,3461.0,Almaty,HR,14,60,2025-02-20
39,Female,2864.0,Shymkent,IT,6,77,2025-02-21
47,Female,4651.0,Almaty,Finance,16,91,2025-02-22
34,Male,4053.0,,HR,15,81,2025-02-23
43,Male,1539.0,Shymkent,Finance,18,84,2025-02-24
53,Female,2201.0,Shymkent,HR,8,80,2025-02-25
18,Female,4059.0,Shymkent,Finance,13,66,2025-02-26
25,Female,3077.0,Astana,HR,16,96,2025-02-27
52,Female,4704.0,,HR,4,58,2025-02-28
32,Male,4723.0,Almaty,HR,1,59,2025-03-01
39,Female,,Shymkent,HR,19,57,2025-03-02
31,Male,,Astana,Marketing,15,70,2025-03-03
43,Male,4558.0,Astana,Finance,13,62,2025-03-04
45,Female,3312.0,Astana,Finance,13,99,2025-03-05
40,Female,2951.0,Astana,Marketing,0,54,2025-03-06
31,Female,4475.0,Astana,HR,2,55,2025-03-07
41,Male,3545.0,Almaty,HR,6,79,2025-03-08
19,Female,4666.0,Almaty,Finance,14,80,2025-03-09
43,Female,4564.0,Almaty,Marketing,18,66,2025-03-10
31,Male,3022.0,Shymkent,HR,19,60,2025-03-11
24,Female,3592.0,Astana,HR,1,69,2025-03-12
20,Male,2497.0,Shymkent,HR,18,97,2025-03-13
40,Female,,Astana,IT,8,58,2025-03-14
35,Male,,Almaty,Marketing,18,51,2025-03-15
55,Female,2324.0,Shymkent,HR,4,86,2025-03-16
52,Female,832.0,Almaty,IT,17,50,2025-03-17
32,Male,4825.0,Astana,Marketing,15,53,2025-03-18
42,Male,3366.0,Astana,HR,3,85,2025-03-19
54,Female,3603.0,Astana,Finance,11,74,2025-03-20
45,Male,4696.0,Almaty,IT,6,52,2025-03-21
27,Male,4509.0,Astana,IT,13,58,2025-03-22
56,Male,1519.0,Almaty,HR,11,71,2025-03-23
34,Male,,Shymkent,HR,2,72,2025-03-24
56,Female,4518.0,Astana,IT,4,61,2025-03-25
39,Female,3007.0,Astana,Finance,16,59,2025-03-26
43,Male,3830.0,Astana,Finance,9,83,2025-03-27
42,Male,4375.0,Shymkent,Marketing,9,92,2025-03-28
34,Male,3916.0,Astana,HR,10,59,2025-03-29
30,Male,,Almaty,Finance,16,79,2025-03-30
37,Female,1443.0,Almaty,Marketing,4,71,2025-03-31
42,Female,994.0,Astana,Finance,12,55,2025-04-01
21,Male,4796.0,Astana,HR,9,99,2025-04-02
27,Male,1288.0,Shymkent,Marketing,8,51,2025-04-03
20,Male,3004.0,Shymkent,Marketing,16,79,2025-04-04
58,Female,3457.0,,Marketing,0,51,2025-04-05
35,Male,4076.0,Astana,Finance,3,81,2025-04-06
53,Female,1902.0,Shymkent,HR,3,91,2025-04-07
39,Male,2041.0,Shymkent,Marketing,17,65,2025-04-08
51,Female,1315.0,Almaty,IT,8,61,2025-04-09
25,Male,1192.0,Shymkent,HR,17,50,2025-04-10
57,Female,1430.0,,IT,13,57,2025-04-11
36,Male,4516.0,Almaty,IT,14,97,2025-04-12
59,Male,2647.0,Shymkent,Marketing,5,99,2025-04-13
58,Male,3455.0,Almaty,Marketing,9,62,2025-04-14
54,Female,1779.0,Astana,Finance,14,64,2025-04-15
23,Male,4202.0,Astana,Finance,3,93,2025-04-16
43,Female,4671.0,Shymkent,Finance,17,57,2025-04-17
51,Female,1077.0,Astana,HR,17,59,2025-04-18
23,Male,1032.0,Almaty,Finance,16,95,2025-04-19
54,Male,2352.0,,IT,11,54,2025-04-20
50,Male,4070.0,Shymkent,Finance,6,99,2025-04-21
39,Female,3209.0,Shymkent,Marketing,15,68,2025-04-22
38,Male,,Almaty,Finance,10,96,2025-04-23
23,Female,825.0,Shymkent,HR,13,87,2025-04-24
23,Female,1260.0,Astana,HR,2,60,2025-04-25
21,Male,4564.0,Shymkent,IT,18,92,2025-04-26
47,Male,,Almaty,HR,17,69,2025-04-27
28,Male,,,Finance,9,69,2025-04-28
47,Male,2794.0,Astana,Marketing,5,70,2025-04-29
48,Male,1290.0,Almaty,HR,12,67,2025-04-30
41,Male,1872.0,Astana,IT,9,99,2025-05-01
26,Female,3973.0,,Finance,17,59,2025-05-02
20,Female,1015.0,Shymkent,IT,19,83,2025-05-03
48,Female,2523.0,Almaty,HR,15,75,2025-05-04
57,Male,2392.0,Almaty,HR,5,79,2025-05-05
54,Female,3406.0,Shymkent,IT,12,58,2025-05-06
53,Female,958.0,Astana,Finance,3,95,2025-05-07
41,Female,,Shymkent,HR,13,80,2025-05-08
48,Female,3641.0,Almaty,Marketing,0,91,2025-05-09
23,Female,2576.0,Shymkent,HR,19,53,2025-05-10
19,Male,2852.0,Almaty,Finance,4,55,2025-05-11
37,Male,3095.0,Shymkent,HR,7,63,2025-05-12
45,Female,2496.0,Shymkent,IT,11,53,2025-05-13
28,Female,3793.0,Astana,HR,1,75,2025-05-14
21,Female,3269.0,Almaty,HR,11,96,2025-05-15
32,Male,2746.0,Astana,Finance,4,97,2025-05-16
23,Male,,Almaty,IT,4,88,2025-05-17
47,Female,3583.0,Shymkent,Finance,12,66,2025-05-18
55,Male,4444.0,Almaty,HR,8,68,2025-05-19
19,Male,3300.0,Astana,Marketing,9,98,2025-05-20
32,Female,4445.0,Astana,HR,0,55,2025-05-21
28,Male,3445.0,Astana,Finance,2,78,2025-05-22
25,Male,3149.0,Almaty,Marketing,17,60,2025-05-23
43,Female,2732.0,Astana,Finance,11,65,2025-05-24
22,Male,4094.0,Astana,Finance,2,79,2025-05-25
23,Male,2557.0,Astana,IT,8,74,2025-05-26
43,Female,1916.0,Shymkent,Marketing,1,89,2025-05-27
21,Male,3367.0,Shymkent,HR,2,60,2025-05-28
36,Male,,Almaty,Finance,13,56,2025-05-29
37,Female,1292.0,Almaty,HR,3,75,2025-05-30
50,Female,,Astana,IT,18,71,2025-05-31
37,Female,1419.0,Shymkent,IT,12,74,2025-06-01
29,Male,4032.0,Astana,Marketing,6,68,2025-06-02
18,Female,4623.0,Astana,IT,11,80,2025-06-03
43,Male,3180.0,Shymkent,IT,2,75,2025-06-04
31,Female,2346.0,Shymkent,HR,8,91,2025-06-05
55,Male,4363.0,Shymkent,IT,1,90,2025-06-06
54,Female,2405.0,Almaty,IT,8,85,2025-06-07
28,Female,4552.0,,Finance,11,72,2025-06-08
53,Female,2690.0,,IT,11,96,2025-06-09
30,Female,2075.0,Almaty,Finance,14,62,2025-06-10
20,Male,3543.0,Shymkent,IT,1,74,2025-06-11
50,Female,3293.0,Shymkent,IT,17,51,2025-06-12
23,Female,1156.0,Almaty,Marketing,12,51,2025-06-13
27,Male,1669.0,,Marketing,13,65,2025-06-14
22,Female,1685.0,Astana,Finance,4,58,2025-06-15
40,Male,2801.0,Almaty,IT,9,77,2025-06-16
27,Female,2083.0,Astana,HR,11,62,2025-06-17
19,Female,1419.0,Astana,Marketing,9,84,2025-06-18
30,Female,1682.0,Astana,HR,10,90,2025-06-19
57,Male,,Shymkent,Marketing,1,62,2025-06-20
19,Female,4442.0,Shymkent,Marketing,4,80,2025-06-21
37,Female,4225.0,Almaty,IT,6,70,2025-06-22
18,Female,,Shymkent,Marketing,5,81,2025-06-23
54,Male,1044.0,Astana,HR,2,83,2025-06-24
26,Male,3695.0,Shymkent,Marketing,12,57,2025-06-25
34,Female,1729.0,Almaty,Finance,2,90,2025-06-26
26,Male,1319.0,Shymkent,IT,5,97,2025-06-27
28,Female,4012.0,Astana,IT,10,51,2025-06-28
32,Female,3209.0,Astana,Finance,16,87,2025-06-29
41,Female,,Almaty,Finance,9,81,2025-06-30
55,Female,3325.0,Shymkent,Finance,11,89,2025-07-01
52,Female,4223.0,Shymkent,Marketing,16,77,2025-07-02
47,Female,2819.0,Shymkent,IT,3,86,2025-07-03
48,Female,,Astana,Finance,1,90,2025-07-04
22,Male,4471.0,Almaty,Marketing,10,50,2025-07-05
31,Male,3601.0,Shymkent,Finance,6,90,2025-07-06
28,Male,885.0,Astana,HR,1,59,2025-07-07
26,Male,3915.0,Astana,HR,17,53,2025-07-08
51,Male,3268.0,Astana,IT,3,84,2025-07-09
29,Male,,Shymkent,Marketing,7,59,2025-07-10
52,Male,2436.0,Shymkent,HR,19,96,2025-07-11
52,Female,4383.0,Shymkent,HR,13,60,2025-07-12
18,Female,4809.0,Shymkent,Marketing,11,63,2025-07-13
57,Female,,Shymkent,Finance,17,87,2025-07-14
39,Female,3018.0,Shymkent,Marketing,10,61,2025-07-15
46,Male,3017.0,Shymkent,Finance,7,94,2025-07-16
25,Male,3169.0,Shymkent,HR,1,66,2025-07-17
28,Female,4438.0,Shymkent,HR,14,65,2025-07-18
58,Female,3303.0,Astana,HR,8,84,2025-07-19
54,Male,1743.0,Shymkent,IT,18,51,2025-07-20
31,Female,3637.0,Almaty,IT,19,60,2025-07-21
47,Female,3460.0,Astana,IT,7,90,2025-07-22
52,Female,3736.0,,Marketing,18,52,2025-07-23
38,Female,4747.0,Almaty,HR,4,78,2025-07-24
54,Male,2476.0,Shymkent,HR,10,67,2025-07-25
22,Female,,Almaty,Marketing,14,69,2025-07-26
36,Female,4905.0,Almaty,IT,7,96,2025-07-27
31,Male,3587.0,Almaty,Marketing,18,63,2025-07-28
43,Male,2261.0,Almaty,IT,7,83,2025-07-29
21,Female,4118.0,Astana,HR,18,98,2025-07-30
42,Male,1466.0,Astana,Finance,17,80,2025-07-31
59,Female,2976.0,Almaty,IT,9,89,2025-08-01
42,Female,4543.0,Shymkent,HR,6,91,2025-08-02
35,Male,1400.0,Almaty,HR,8,67,2025-08-03
57,Female,3452.0,Astana,Finance,0,79,2025-08-04
25,Female,4624.0,Shymkent,HR,18,74,2025-08-05
56,Female,4706.0,Astana,HR,4,68,2025-08-06
57,Female,1779.0,Astana,IT,18,57,2025-08-07
31,Male,3251.0,Shymkent,IT,0,77,2025-08-08
49,Male,1428.0,Almaty,Finance,14,57,2025-08-09
55,Female,2429.0,Almaty,Finance,15,80,2025-08-10
50,Male,4496.0,Almaty,HR,6,52,2025-08-11
40,Female,4230.0,Almaty,IT,11,52,2025-08-12
32,Female,4474.0,Shymkent,Finance,7,93,2025-08-13
50,Female,4729.0,Shymkent,Finance,4,71,2025-08-14
42,Female,3565.0,Shymkent,Marketing,9,66,2025-08-15
34,Female,915.0,Astana,Finance,4,85,2025-08-16
50,Male,2803.0,Shymkent,HR,16,66,2025-08-17
19,Female,1492.0,Almaty,IT,4,63,2025-08-18
31,Male,3962.0,Astana,Finance,14,58,2025-08-19
57,Male,1905.0,Almaty,Marketing,12,79,2025-08-20
57,Female,,Almaty,IT,0,70,2025-08-21
56,Female,2961.0,,Finance,10,61,2025-08-22
23,Female,953.0,Shymkent,Marketing,0,86,2025-08-23
23,Female,,Almaty,Finance,10,81,2025-08-24
20,Female,4586.0,Almaty,IT,17,60,2025-08-25
24,Male,1864.0,Astana,IT,17,69,2025-08-26
25,Female,2713.0,Shymkent,IT,15,84,2025-08-27
59,Female,2016.0,Astana,HR,12,96,2025-08-28
32,Male,3201.0,,Finance,6,95,2025-08-29
46,Male,2572.0,Astana,HR,0,60,2025-08-30
50,Female,,Almaty,IT,15,57,2025-08-31
47,Male,3580.0,,Marketing,0,53,2025-09-01
56,Female,3671.0,Astana,Finance,16,76,2025-09-02
44,Male,,Almaty,HR,5,93,2025-09-03
53,Male,3435.0,Shymkent,Finance,1,89,2025-09-04
46,Female,,Shymkent,Marketing,16,87,2025-09-05
55,Male,4754.0,Astana,HR,5,96,2025-09-06
50,Male,3250.0,Almaty,IT,13,79,2025-09-07
54,Male,,Shymkent,HR,17,93,2025-09-08
44,Male,1499.0,Astana,Finance,5,97,2025-09-09
50,Male,2838.0,Astana,Finance,9,97,2025-09-10
21,Male,2979.0,Almaty,Finance,17,76,2025-09-11
39,Female,3638.0,Astana,Finance,8,70,2025-09-12
19,Female,,Shymkent,IT,7,69,2025-09-13
27,Male,,Almaty,HR,9,53,2025-09-14
22,Female,2222.0,,IT,16,60,2025-09-15
27,Female,3475.0,Shymkent,IT,5,62,2025-09-16
50,Female,3980.0,Shymkent,IT,13,58,2025-09-17
55,Male,4775.0,Astana,Finance,5,53,2025-09-18
30,Female,2191.0,Astana,Finance,6,61,2025-09-19
48,Male,4018.0,Shymkent,Finance,11,58,2025-09-20
53,Female,1414.0,Shymkent,HR,2,62,2025-09-21
41,Male,3771.0,,Marketing,13,97,2025-09-22
32,Male,4365.0,Almaty,Finance,18,75,2025-09-23
46,Female,4376.0,Astana,HR,15,87,2025-09-24
25,Female,1070.0,Astana,Finance,6,91,2025-09-25
22,Male,4866.0,Almaty,Finance,7,62,2025-09-26
46,Female,,Shymkent,IT,17,88,2025-09-27
21,Female,2190.0,,IT,12,77,2025-09-28
29,Female,4154.0,Shymkent,IT,8,68,2025-09-29
19,Male,4935.0,Almaty,HR,9,73,2025-09-30
44,Male,4407.0,Astana,Marketing,8,68,2025-10-01
48,Female,3383.0,Astana,Marketing,14,98,2025-10-02
53,Female,4873.0,Almaty,HR,19,62,2025-10-03
53,Female,3875.0,Astana,Finance,1,62,2025-10-04
43,Male,4706.0,Almaty,HR,12,77,2025-10-05
44,Male,1089.0,Astana,Finance,1,51,2025-10-06
22,Female,3280.0,Almaty,HR,18,59,2025-10-07
37,Female,,Astana,HR,1,71,2025-10-08
28,Female,1078.0,Shymkent,HR,2,62,2025-10-09
27,Female,3724.0,Shymkent,Marketing,5,58,2025-10-10
57,Female,1380.0,Shymkent,IT,2,82,2025-10-11
55,Female,1053.0,Astana,HR,9,63,2025-10-12
23,Male,1624.0,Astana,Marketing,5,97,2025-10-13
25,Female,4632.0,Shymkent,IT,15,69,2025-10-14
40,Male,1499.0,Shymkent,IT,16,64,2025-10-15
43,Female,2180.0,Almaty,HR,18,81,2025-10-16
29,Female,4696.0,Almaty,Finance,2,82,2025-10-17
43,Male,2473.0,Almaty,Finance,17,66,2025-10-18
30,Male,3527.0,Shymkent,Finance,6,73,2025-10-19
57,Male,3956.0,Shymkent,HR,8,79,2025-10-20
35,Male,4188.0,Shymkent,Finance,19,62,2025-10-21
42,Female,,Almaty,Marketing,11,96,2025-10-22
50,Male,1141.0,Astana,Marketing,4,97,2025-10-23
57,Female,2787.0,Shymkent,Marketing,2,65,2025-10-24
29,Male,4859.0,Astana,Marketing,10,51,2025-10-25
53,Female,3909.0,Astana,IT,3,66,2025-10-26
21,Female,4882.0,Astana,Marketing,4,81,2025-10-27
22,Female,3598.0,Almaty,Finance,0,92,2025-10-28
54,Female,4040.0,Astana,HR,17,57,2025-10-29
25,Female,2788.0,Shymkent,Finance,11,52,2025-10-30
59,Female,4214.0,Almaty,Marketing,12,61,2025-10-31
45,Male,2649.0,Shymkent,IT,8,69,2025-11-01
48,Female,1105.0,Shymkent,Marketing,1,65,2025-11-02
26,Male,4413.0,Almaty,HR,4,63,2025-11-03
46,Male,3549.0,Shymkent,Finance,12,65,2025-11-04
31,Female,1935.0,Shymkent,HR,15,98,2025-11-05
57,Male,1005.0,Almaty,HR,15,92,2025-11-06
58,Female,4250.0,Shymkent,HR,2,98,2025-11-07
39,Male,4611.0,Astana,Finance,3,82,2025-11-08
28,Female,4422.0,Shymkent,Marketing,10,79,2025-11-09
40,Male,4399.0,Astana,HR,13,61,2025-11-10
18,Female,3351.0,Shymkent,Finance,2,64,2025-11-11
54,Female,1109.0,,IT,15,67,2025-11-12
38,Female,3508.0,Almaty,Finance,14,77,2025-11-13
43,Female,2791.0,Shymkent,IT,9,72,2025-11-14
53,Male,1071.0,Almaty,Finance,8,63,2025-11-15
40,Female,4442.0,Shymkent,Marketing,10,79,2025-11-16
18,Male,4886.0,Almaty,HR,15,82,2025-11-17
57,Male,2622.0,Astana,Marketing,9,94,2025-11-18
32,Male,4073.0,Shymkent,Finance,16,64,2025-11-19
38,Female,1320.0,Astana,HR,18,56,2025-11-20
26,Male,1776.0,Astana,IT,1,64,2025-11-21
26,Male,4522.0,Shymkent,Finance,1,91,2025-11-22
27,Male,4351.0,Astana,HR,5,95,2025-11-23
43,Female,4905.0,Shymkent,IT,18,87,2025-11-24
58,Female,3573.0,Astana,IT,7,95,2025-11-25
52,Male,3352.0,Shymkent,Marketing,2,93,2025-11-26
42,Female,3632.0,Shymkent,Finance,13,60,2025-11-27
43,Female,4707.0,Almaty,IT,15,78,2025-11-28
28,Male,952.0,Shymkent,HR,0,80,2025-11-29
55,Male,3764.0,Shymkent,IT,2,74,2025-11-30
19,Female,3716.0,Astana,IT,17,73,2025-12-01
24,Male,3600.0,Shymkent,Marketing,8,68,2025-12-02
35,Female,2552.0,Almaty,Marketing,5,51,2025-12-03
44,Female,3410.0,Astana,HR,0,71,2025-12-04
51,Female,4675.0,Astana,Marketing,9,69,2025-12-05
44,Female,1904.0,Almaty,IT,5,82,2025-12-06
34,Female,,Astana,IT,11,57,2025-12-07
41,Female,4999.0,Astana,Marketing,3,74,2025-12-08
42,Male,4654.0,Astana,IT,12,95,2025-12-09
24,Male,4294.0,,IT,16,58,2025-12-10
23,Female,2714.0,Almaty,HR,7,83,2025-12-11
41,Female,3872.0,Almaty,Marketing,19,72,2025-12-12
50,Female,1806.0,Astana,IT,2,54,2025-12-13
46,Male,1206.0,Astana,Marketing,11,74,2025-12-14
39,Female,966.0,Almaty,HR,6,57,2025-12-15
43,Male,1308.0,Almaty,Marketing,11,65,2025-12-16
45,Female,2461.0,Almaty,IT,1,97,2025-12-17
38,Female,4464.0,,Marketing,13,94,2025-12-18
24,Male,4289.0,Astana,IT,4,64,2025-12-19
34,Male,1480.0,,IT,8,50,2025-12-20
37,Female,3324.0,Almaty,IT,10,71,2025-12-21
58,Female,2920.0,Astana,HR,4,52,2025-12-22
37,Female,,Almaty,Marketing,2,87,2025-12-23
39,Male,,Astana,HR,16,63,2025-12-24
45,Male,3092.0,Almaty,Marketing,1,85,2025-12-25
57,Male,2338.0,,HR,0,67,2025-12-26
24,Male,4208.0,,Finance,6,96,2025-12-27
18,Male,1360.0,Shymkent,IT,13,90,2025-12-28
49,Male,1899.0,Almaty,IT,4,67,2025-12-29
30,Female,2703.0,Astana,HR,18,52,2025-12-30
47,Female,974.0,Astana,Finance,10,59,2025-12-31
40,Male,2956.0,Almaty,IT,1,98,2026-01-01
36,Female,,Astana,Marketing,7,88,2026-01-02
49,Female,4960.0,Almaty,HR,8,96,2026-01-03
47,Male,4720.0,Astana,IT,2,50,2026-01-04
46,Female,2297.0,Almaty,IT,1,76,2026-01-05
46,Male,4654.0,Astana,HR,6,76,2026-01-06
47,Male,3971.0,Almaty,HR,4,60,2026-01-07
33,Female,,Astana,Marketing,4,98,2026-01-08
57,Male,1951.0,Shymkent,Marketing,19,54,2026-01-09
36,Male,1168.0,Astana,IT,12,56,2026-01-10
35,Male,842.0,Almaty,IT,19,68,2026-01-11
18,Male,2707.0,Shymkent,HR,5,78,2026-01-12
31,Male,4290.0,Astana,IT,19,64,2026-01-13
19,Male,3335.0,Shymkent,IT,17,84,2026-01-14
45,Male,4973.0,Astana,HR,1,96,2026-01-15
47,Male,,Shymkent,IT,5,86,2026-01-16
55,Female,2624.0,Almaty,IT,8,61,2026-01-17
21,Female,2093.0,,Finance,2,79,2026-01-18
18,Female,4186.0,Astana,Marketing,0,69,2026-01-19
25,Male,3772.0,Almaty,HR,0,86,2026-01-20
46,Male,4722.0,Shymkent,Finance,18,52,2026-01-21
56,Female,1792.0,Almaty,Marketing,4,58,2026-01-22
20,Female,3186.0,Almaty,Marketing,12,90,2026-01-23
49,Female,3040.0,Shymkent,Marketing,18,88,2026-01-24
27,Male,2276.0,Almaty,Finance,11,75,2026-01-25
27,Female,4207.0,Astana,Finance,15,51,2026-01-26
36,Female,1189.0,Astana,Marketing,18,72,2026-01-27
51,Male,1799.0,,IT,2,72,2026-01-28
50,Female,2655.0,Almaty,IT,11,70,2026-01-29
40,Male,1458.0,Astana,Finance,4,65,2026-01-30
45,Male,3563.0,Astana,Finance,1,58,2026-01-31
49,Male,4463.0,Astana,Finance,6,62,2026-02-01
24,Female,2281.0,Astana,Marketing,12,77,2026-02-02
46,Female,4531.0,Astana,IT,14,76,2026-02-03
25,Male,1251.0,Astana,Finance,2,66,2026-02-04
18,Female,3275.0,Almaty,Finance,19,87,2026-02-05
20,Female,4022.0,Astana,HR,4,85,2026-02-06
41,Female,2337.0,Astana,Marketing,7,50,2026-02-07
40,Female,3893.0,Shymkent,HR,0,67,2026-02-08
25,Male,1682.0,Almaty,IT,7,58,2026-02-09
54,Female,4868.0,Almaty,HR,17,62,2026-02-10
20,Male,3366.0,Almaty,HR,19,89,2026-02-11
50,Male,4077.0,Almaty,HR,15,94,2026-02-12
45,Female,1174.0,Astana,Marketing,17,64,2026-02-13
25,Male,4497.0,Astana,IT,19,92,2026-02-14
51,Female,3862.0,Shymkent,HR,11,93,2026-02-15
52,Female,4050.0,Shymkent,Marketing,12,95,2026-02-16
49,Male,912.0,Almaty,IT,12,53,2026-02-17
41,Male,3997.0,Shymkent,Finance,9,82,2026-02-18
31,Male,3178.0,,HR,6,73,2026-02-19
49,Male,2724.0,Almaty,IT,13,85,2026-02-20
33,Female,939.0,Almaty,HR,15,90,2026-02-21
21,Female,2224.0,Shymkent,Finance,14,59,2026-02-22
54,Female,3749.0,,IT,11,85,2026-02-23
38,Male,3968.0,Shymkent,Marketing,8,69,2026-02-24
31,Male,1316.0,Shymkent,IT,7,90,2026-02-25
48,Male,3416.0,Astana,Marketing,17,94,2026-02-26
35,Female,1687.0,Astana,IT,17,93,2026-02-27
24,Male,3904.0,Almaty,Marketing,12,60,2026-02-28
27,Female,849.0,Almaty,Finance,17,61,2026-03-01
24,Male,4751.0,Shymkent,Finance,14,67,2026-03-02
50,Female,4360.0,Astana,Finance,3,79,2026-03-03
40,Female,818.0,Almaty,IT,16,93,2026-03-04
38,Male,2273.0,Shymkent,Finance,4,97,2026-03-05
36,Male,4861.0,Astana,HR,15,86,2026-03-06
36,Female,3406.0,Shymkent,Finance,8,69,2026-03-07
53,Female,1251.0,Almaty,Marketing,9,74,2026-03-08
46,Male,4565.0,Almaty,Marketing,17,61,2026-03-09
35,Male,3238.0,Astana,Marketing,16,70,2026-03-10
19,Female,2349.0,,IT,17,74,2026-03-11
18,Male,4274.0,Astana,HR,6,60,2026-03-12
22,Female,927.0,Almaty,Finance,3,58,2026-03-13
37,Female,,Almaty,HR,4,99,2026-03-14
28,Male,2215.0,Shymkent,HR,15,74,2026-03-15
59,Male,1001.0,,Marketing,2,84,2026-03-16
19,Male,,Shymkent,Marketing,17,81,2026-03-17
20,Male,1317.0,Astana,Marketing,13,98,2026-03-18
40,Male,2141.0,Shymkent,IT,14,63,2026-03-19
29,Female,2788.0,Shymkent,HR,16,50,2026-03-20
37,Female,4345.0,Almaty,HR,0,66,2026-03-21
22,Male,4602.0,Almaty,IT,16,74,2026-03-22
54,Male,4075.0,Shymkent,IT,10,57,2026-03-23
55,Male,4454.0,Shymkent,IT,16,54,2026-03-24
47,Female,3234.0,Almaty,HR,13,54,2026-03-25
26,Male,1007.0,Shymkent,HR,19,90,2026-03-26
51,Male,,Astana,Marketing,18,84,2026-03-27
52,Female,4917.0,Astana,Marketing,6,68,2026-03-28
39,Female,,Astana,HR,12,72,2026-03-29
41,Male,4166.0,Shymkent,Marketing,17,58,2026-03-30
34,Male,2318.0,Almaty,IT,13,79,2026-03-31
27,Male,3400.0,Shymkent,Finance,0,99,2026-04-01
47,Female,2995.0,,Marketing,6,65,2026-04-02
40,Male,4354.0,Almaty,HR,7,82,2026-04-03
49,Male,,Almaty,Marketing,17,51,2026-04-04
34,Male,3649.0,Almaty,Marketing,8,63,2026-04-05
34,Female,2542.0,Astana,Marketing,0,95,2026-04-06
31,Female,2106.0,Shymkent,Finance,16,50,2026-04-07
26,Male,,Almaty,IT,18,75,2026-04-08
57,Male,4968.0,,HR,5,74,2026-04-09
19,Female,4995.0,Astana,Finance,2,65,2026-04-10
42,Female,3355.0,Astana,HR,4,64,2026-04-11
56,Female,3105.0,Almaty,HR,1,75,2026-04-12
26,Female,1888.0,Almaty,HR,19,96,2026-04-13
39,Female,3442.0,Shymkent,Finance,3,93,2026-04-14
21,Female,1977.0,Almaty,IT,9,65,2026-04-15
43,Female,,Shymkent,HR,9,63,2026-04-16
46,Female,1359.0,Almaty,IT,10,78,2026-04-17
51,Female,3764.0,Shymkent,IT,15,73,2026-04-18
40,Male,,Shymkent,Marketing,16,96,2026-04-19
54,Male,2613.0,Shymkent,Finance,15,64,2026-04-20
28,Male,3715.0,,Finance,6,68,2026-04-21
23,Female,1409.0,Astana,Marketing,15,57,2026-04-22
35,Male,3261.0,Shymkent,Marketing,2,83,2026-04-23
38,Female,4920.0,Almaty,IT,15,51,2026-04-24
59,Female,1083.0,Astana,HR,7,76,2026-04-25
53,Male,3728.0,Astana,Finance,11,59,2026-04-26
58,Female,,Shymkent,HR,2,84,2026-04-27
55,Male,1616.0,Astana,HR,16,72,2026-04-28
51,Male,882.0,Shymkent,Marketing,17,98,2026-04-29
34,Male,2720.0,Almaty,HR,10,57,2026-04-30
54,Female,4291.0,Shymkent,IT,3,77,2026-05-01
42,Male,3944.0,Astana,Marketing,15,72,2026-05-02
55,Female,2893.0,Almaty,HR,16,53,2026-05-03
29,Male,975.0,Shymkent,Marketing,8,63,2026-05-04
40,Male,3504.0,Almaty,IT,5,91,2026-05-05
59,Male,1169.0,Almaty,IT,19,78,2026-05-06
39,Female,2618.0,Astana,HR,1,50,2026-05-07
38,Female,2901.0,Almaty,Marketing,8,53,2026-05-08
44,Female,4290.0,Astana,HR,5,81,2026-05-09
48,Male,2579.0,Almaty,HR,2,82,2026-05-10
23,Male,,Shymkent,Marketing,19,98,2026-05-11
44,Female,,Almaty,HR,5,75,2026-05-12
57,Female,,Shymkent,IT,6,66,2026-05-13
51,Female,3226.0,Shymkent,Marketing,0,88,2026-05-14
29,Female,872.0,Almaty,Marketing,0,72,2026-05-15
24,Female,3762.0,Shymkent,Marketing,4,81,2026-05-16
27,Female,1659.0,Almaty,Marketing,5,64,2026-05-17
34,Male,4656.0,Almaty,HR,12,62,2026-05-18
43,Female,4938.0,Shymkent,HR,1,51,2026-05-19
38,Male,3224.0,Shymkent,IT,14,68,2026-05-20
45,Male,1864.0,Astana,Finance,14,73,2026-05-21
19,Female,3017.0,Shymkent,Finance,12,94,2026-05-22
18,Female,4817.0,Astana,IT,13,73,2026-05-23
53,Male,3059.0,Shymkent,Finance,6,60,2026-05-24
43,Female,4551.0,Almaty,IT,13,71,2026-05-25
46,Female,2886.0,Shymkent,HR,9,64,2026-05-26
38,Male,,Almaty,Marketing,16,59,2026-05-27
28,Male,3604.0,Almaty,Marketing,13,90,2026-05-28
57,Male,950.0,Almaty,HR,7,76,2026-05-29
28,Female,1934.0,Astana,Marketing,3,58,2026-05-30
53,Male,3584.0,Shymkent,Marketing,15,77,2026-05-31
56,Female,4964.0,Almaty,Finance,12,50,2026-06-01
57,Male,3146.0,Almaty,HR,19,66,2026-06-02
52,Male,3050.0,Astana,Finance,17,80,2026-06-03
51,Male,860.0,,Finance,13,93,2026-06-04
41,Female,3810.0,Shymkent,Marketing,17,59,2026-06-05
39,Female,4701.0,,Marketing,4,86,2026-06-06
22,Male,2137.0,Astana,HR,8,78,2026-06-07
50,Male,1984.0,Shymkent,Marketing,2,67,2026-06-08
53,Male,2351.0,Astana,Marketing,7,96,2026-06-09
37,Female,2429.0,,HR,19,87,2026-06-10
36,Male,2127.0,Shymkent,Marketing,9,88,2026-06-11
52,Female,2326.0,Almaty,Finance,18,98,2026-06-12
34,Male,2473.0,Almaty,HR,2,55,2026-06-13
51,Male,2161.0,Shymkent,Marketing,10,89,2026-06-14
26,Male,2373.0,Shymkent,IT,10,61,2026-06-15
43,Male,3486.0,Shymkent,HR,16,63,2026-06-16
19,Male,3166.0,Shymkent,HR,15,93,2026-06-17
26,Male,4557.0,Shymkent,IT,6,59,2026-06-18
26,Female,3234.0,Shymkent,Marketing,3,69,2026-06-19
57,Male,2793.0,Astana,Marketing,18,64,2026-06-20
34,Female,1669.0,Shymkent,HR,11,80,2026-06-21
18,Male,1814.0,Astana,HR,14,56,2026-06-22
42,Male,2711.0,Astana,Marketing,10,90,2026-06-23
57,Female,1402.0,Shymkent,Marketing,4,59,2026-06-24
59,Male,4621.0,Shymkent,Finance,4,59,2026-06-25
42,Female,1490.0,Astana,HR,14,97,2026-06-26
56,Female,1293.0,Astana,HR,17,88,2026-06-27
52,Male,1289.0,Shymkent,IT,10,77,2026-06-28
20,Female,3356.0,Shymkent,Finance,11,79,2026-06-29
54,Female,1094.0,Astana,Marketing,1,86,2026-06-30
47,Male,4827.0,Astana,Finance,19,52,2026-07-01
55,Female,3643.0,Astana,Marketing,14,99,2026-07-02
51,Male,3712.0,Almaty,Marketing,19,92,2026-07-03
29,Male,2517.0,Astana,Finance,3,64,2026-07-04
36,Male,3396.0,Almaty,HR,17,70,2026-07-05
54,Male,2673.0,Shymkent,Marketing,5,86,2026-07-06
34,Female,4058.0,,Finance,18,61,2026-07-07
27,Male,3617.0,Astana,IT,10,53,2026-07-08
29,Male,1244.0,Shymkent,Finance,1,96,2026-07-09
33,Female,4441.0,Shymkent,IT,7,58,2026-07-10
41,Male,1541.0,Shymkent,Marketing,10,88,2026-07-11
36,Male,,Shymkent,Finance,4,91,2026-07-12
25,Female,1479.0,Almaty,Finance,17,77,2026-07-13
48,Female,3267.0,,IT,17,72,2026-07-14
38,Female,4497.0,Astana,Finance,13,94,2026-07-15
34,Female,2158.0,Astana,Finance,9,89,2026-07-16
40,Female,862.0,Astana,Marketing,2,93,2026-07-17
54,Female,,Shymkent,Finance,8,71,2026-07-18
33,Female,4569.0,Shymkent,HR,2,73,2026-07-19
23,Male,934.0,Almaty,IT,10,75,2026-07-20
25,Female,4444.0,Almaty,Finance,11,79,2026-07-21
42,Female,,Astana,IT,11,82,2026-07-22
35,Female,4078.0,Almaty,IT,2,65,2026-07-23
42,Male,1622.0,Almaty,IT,6,71,2026-07-24
29,Male,3874.0,Almaty,Finance,13,98,2026-07-25
32,Female,3781.0,Almaty,Finance,10,99,2026-07-26
43,Female,920.0,Almaty,IT,6,92,2026-07-27
58,Female,2437.0,Astana,HR,9,67,2026-07-28
43,Male,1724.0,,IT,10,56,2026-07-29
49,Male,1444.0,Almaty,HR,14,99,2026-07-30
27,Female,2832.0,Astana,IT,18,75,2026-07-31
33,Male,3561.0,Shymkent,Marketing,15,57,2026-08-01
24,Female,2868.0,Almaty,IT,19,55,2026-08-02
34,Male,1041.0,Shymkent,IT,11,79,2026-08-03
40,Male,3468.0,Astana,Finance,17,88,2026-08-04
43,Female,1602.0,Astana,HR,12,72,2026-08-05
38,Female,4964.0,Shymkent,Marketing,4,81,2026-08-06
39,Female,995.0,Astana,HR,3,71,2026-08-07
24,Female,,Almaty,Marketing,13,91,2026-08-08
31,Male,,Shymkent,IT,7,92,2026-08-09
32,Male,3130.0,Almaty,Finance,8,94,2026-08-10
24,Male,3159.0,Shymkent,Finance,18,58,2026-08-11
26,Female,4406.0,Astana,HR,2,80,2026-08-12
25,Male,1076.0,Shymkent,Finance,4,56,2026-08-13
40,Female,860.0,Shymkent,HR,17,58,2026-08-14
46,Male,4190.0,Almaty,HR,0,62,2026-08-15
35,Female,2713.0,Astana,Marketing,7,52,2026-08-16
48,Female,4727.0,Almaty,HR,18,84,2026-08-17
47,Male,3391.0,Astana,Marketing,16,82,2026-08-18
56,Female,1366.0,Almaty,Finance,16,70,2026-08-19
52,Female,4735.0,Shymkent,HR,10,80,2026-08-20
35,Male,2371.0,Almaty,HR,1,83,2026-08-21
59,Female,2000.0,Astana,IT,5,81,2026-08-22
56,Female,3654.0,Astana,HR,13,84,2026-08-23
34,Female,3695.0,Shymkent,HR,2,64,2026-08-24
31,Male,2036.0,Astana,IT,11,81,2026-08-25
48,Male,936.0,Almaty,IT,3,55,2026-08-26
41,Female,1829.0,Shymkent,Finance,11,94,2026-08-27
52,Male,2956.0,Astana,HR,12,70,2026-08-28
51,Female,3394.0,Astana,Finance,1,82,2026-08-29
20,Female,1461.0,Almaty,Finance,1,81,2026-08-30
54,Female,3272.0,Almaty,IT,14,68,2026-08-31
57,Female,3477.0,Shymkent,Marketing,16,82,2026-09-01
43,Female,3108.0,Astana,Finance,6,77,2026-09-02
40,Male,886.0,Almaty,Marketing,13,80,2026-09-03
56,Female,3312.0,Shymkent,HR,11,70,2026-09-04
32,Male,3742.0,Astana,IT,16,83,2026-09-05
21,Male,3573.0,Astana,HR,13,64,2026-09-06
46,Female,,Shymkent,HR,5,63,2026-09-07
39,Female,4110.0,Shymkent,IT,18,68,2026-09-08
42,Male,2500.0,Almaty,HR,5,92,2026-09-09
30,Male,4470.0,Astana,IT,17,64,2026-09-10
35,Male,3500.0,Astana,Marketing,4,55,2026-09-11
50,Female,4429.0,Astana,HR,5,58,2026-09-12
33,Male,,Shymkent,IT,1,86,2026-09-13
59,Female,4118.0,Almaty,Finance,7,69,2026-09-14
19,Female,4487.0,Astana,HR,14,83,2026-09-15
52,Female,,Shymkent,Marketing,14,87,2026-09-16
59,Male,1284.0,Astana,IT,10,75,2026-09-17
51,Female,1445.0,Almaty,HR,0,67,2026-09-18
47,Female,3889.0,Astana,HR,17,77,2026-09-19
30,Female,1520.0,Almaty,HR,11,58,2026-09-20
30,Female,,Almaty,Marketing,11,81,2026-09-21
35,Female,,Astana,IT,10,55,2026-09-22
49,Male,3867.0,,Finance,7,63,2026-09-23
49,Female,914.0,Almaty,Finance,6,77,2026-09-24
52,Female,3779.0,Shymkent,Finance,1,73,2026-09-25
56,Male,,Almaty,IT,10,62,2026-09-26
46,Female,4411.0,Astana,Finance,9,92,2026-09-27
46,Male,3053.0,Astana,Marketing,2,61,2026-09-28
33,Female,3094.0,Shymkent,IT,19,68,2026-09-29
27,Male,4430.0,Almaty,HR,9,70,2026-09-30
47,Male,946.0,Almaty,Marketing,17,76,2026-10-01
42,Female,4782.0,Almaty,HR,13,68,2026-10-02
56,Female,4253.0,Astana,Finance,17,73,2026-10-03
37,Female,3210.0,Almaty,Marketing,7,75,2026-10-04
22,Male,936.0,Shymkent,IT,9,94,2026-10-05
18,Male,4160.0,Astana,Marketing,12,77,2026-10-06
47,Male,3805.0,Astana,HR,7,95,2026-10-07
20,Female,4352.0,Almaty,IT,3,67,2026-10-08
31,Male,818.0,Shymkent,Marketing,3,93,2026-10-09
47,Male,3042.0,Astana,Marketing,4,85,2026-10-10
21,Female,1248.0,Astana,Marketing,0,91,2026-10-11
35,Male,2748.0,Almaty,Marketing,16,78,2026-10-12
54,Male,1745.0,Almaty,IT,1,66,2026-10-13
42,Female,2720.0,Shymkent,HR,7,53,2026-10-14
18,Male,3777.0,Almaty,Marketing,6,93,2026-10-15
32,Female,4988.0,Shymkent,IT,14,94,2026-10-16
26,Female,4815.0,Astana,HR,4,78,2026-10-17
32,Female,1038.0,Shymkent,Marketing,1,53,2026-10-18
41,Female,1004.0,Shymkent,HR,6,59,2026-10-19
21,Female,3407.0,Shymkent,HR,7,74,2026-10-20
29,Male,,Astana,IT,6,80,2026-10-21
54,Male,3772.0,Almaty,HR,6,52,2026-10-22
54,Female,3487.0,Astana,IT,13,96,2026-10-23
23,Female,4966.0,Almaty,Marketing,17,51,2026-10-24
56,Male,2148.0,Shymkent,HR,5,74,2026-10-25
41,Female,1616.0,Shymkent,HR,3,98,2026-10-26
28,Female,1620.0,Shymkent,Finance,9,55,2026-10-27
30,Female,992.0,Shymkent,Marketing,17,75,2026-10-28
51,Male,2576.0,Shymkent,Marketing,11,57,2026-10-29
42,Male,4445.0,Almaty,Finance,15,84,2026-10-30
24,Female,1050.0,Almaty,Finance,6,76,2026-10-31
21,Female,2588.0,Shymkent,IT,5,74,2026-11-01
25,Male,4500.0,Astana,IT,4,67,2026-11-02
37,Male,3263.0,Astana,HR,2,50,2026-11-03
46,Female,1967.0,Shymkent,HR,11,97,2026-11-04
27,Female,4693.0,Almaty,HR,14,88,2026-11-05
51,Male,,Astana,HR,9,52,2026-11-06
43,Male,3479.0,Astana,IT,19,53,2026-11-07
58,Male,2647.0,Astana,Marketing,18,90,2026-11-08
20,Female,4704.0,Shymkent,HR,15,86,2026-11-09
23,Male,1304.0,Astana,Marketing,10,64,2026-11-10
22,Female,2421.0,Astana,HR,7,57,2026-11-11
22,Male,3272.0,Astana,Finance,2,87,2026-11-12
40,Male,3346.0,Astana,HR,6,99,2026-11-13
26,Male,2187.0,Almaty,HR,6,68,2026-11-14
52,Male,3794.0,Shymkent,HR,13,96,2026-11-15
37,Female,4616.0,Shymkent,IT,1,75,2026-11-16
59,Female,1517.0,Almaty,Finance,9,88,2026-11-17
52,Male,4284.0,Almaty,HR,18,59,2026-11-18
35,Female,1458.0,Shymkent,HR,8,87,2026-11-19
34,Male,4808.0,Astana,Marketing,15,63,2026-11-20
41,Male,,Astana,Finance,18,98,2026-11-21
20,Male,3789.0,Shymkent,HR,17,90,2026-11-22
49,Male,2904.0,Astana,Marketing,8,68,2026-11-23
52,Female,2055.0,Almaty,Marketing,15,79,2026-11-24
55,Male,3282.0,Astana,IT,12,54,2026-11-25
30,Male,1183.0,Astana,Marketing,9,80,2026-11-26
42,Female,3407.0,Astana,HR,19,56,2026-11-27
26,Male,993.0,Shymkent,IT,13,68,2026-11-28
21,Male,4607.0,Almaty,IT,11,80,2026-11-29
31,Male,,Astana,HR,18,88,2026-11-30
54,Female,3381.0,Shymkent,Finance,6,73,2026-12-01
51,Male,3365.0,Astana,Marketing,14,83,2026-12-02
28,Female,3563.0,Almaty,IT,15,72,2026-12-03
58,Male,3598.0,Astana,Finance,7,97,2026-12-04
20,Male,3139.0,Almaty,HR,9,94,2026-12-05
45,Female,4206.0,Astana,Marketing,3,89,2026-12-06
46,Male,1531.0,Almaty,Marketing,18,55,2026-12-07
26,Male,3672.0,Astana,IT,18,87,2026-12-08
20,Female,,Almaty,Marketing,14,90,2026-12-09
42,Female,4977.0,Astana,Marketing,13,85,2026-12-10
51,Female,,,Marketing,0,76,2026-12-11
29,Female,3182.0,Shymkent,Marketing,15,60,2026-12-12
59,Female,1331.0,Shymkent,HR,9,54,2026-12-13
26,Male,1434.0,Almaty,Finance,18,66,2026-12-14
32,Female,,Astana,HR,2,56,2026-12-15
57,Male,4604.0,Almaty,HR,4,76,2026-12-16
42,Male,3170.0,Shymkent,IT,8,96,2026-12-17
22,Male,802.0,Almaty,Marketing,17,64,2026-12-18
28,Female,1005.0,Almaty,HR,10,95,2026-12-19
51,Female,4935.0,Shymkent,Marketing,15,62,2026-12-20
41,Male,,Astana,HR,1,60,2026-12-21
32,Female,,Almaty,HR,11,94,2026-12-22
55,Female,3993.0,Shymkent,IT,5,75,2026-12-23
25,Female,3466.0,Astana,Finance,10,71,2026-12-24
22,Female,,Shymkent,Finance,7,77,2026-12-25
43,Male,1697.0,Almaty,HR,11,73,2026-12-26
35,Male,,Astana,IT,1,78,2026-12-27
23,Female,2079.0,Astana,Marketing,8,58,2026-12-28
54,Male,1470.0,Shymkent,Marketing,14,91,2026-12-29
30,Female,2305.0,Shymkent,HR,1,53,2026-12-30
45,Female,4375.0,Shymkent,Finance,0,98,2026-12-31
22,Male,2755.0,Astana,IT,9,95,2027-01-01
30,Male,1049.0,Astana,Finance,1,67,2027-01-02
34,Male,2692.0,Almaty,Marketing,11,92,2027-01-03
57,Female,4239.0,Astana,Finance,7,65,2027-01-04
49,Male,2653.0,Almaty,Marketing,4,82,2027-01-05
46,Female,3654.0,Shymkent,IT,0,78,2027-01-06
20,Male,,Shymkent,IT,14,88,2027-01-07
57,Male,4185.0,Astana,HR,5,59,2027-01-08
51,Female,4371.0,Shymkent,HR,11,58,2027-01-09
57,Female,4592.0,Shymkent,Finance,7,80,2027-01-10
44,Female,4226.0,Astana,IT,12,77,2027-01-11
30,Female,,,IT,18,52,2027-01-12
50,Female,4412.0,Astana,HR,0,63,2027-01-13
23,Female,3418.0,Almaty,Marketing,10,74,2027-01-14
41,Female,3963.0,Astana,Finance,19,64,2027-01-15
36,Female,2088.0,Astana,Finance,0,51,2027-01-16
33,Male,3742.0,Shymkent,HR,7,73,2027-01-17
57,Female,1019.0,Astana,IT,4,63,2027-01-18
45,Female,2725.0,Astana,HR,16,97,2027-01-19
50,Male,3772.0,Almaty,HR,7,56,2027-01-20
58,Female,,Shymkent,HR,9,85,2027-01-21
30,Male,3248.0,Almaty,HR,1,99,2027-01-22
42,Male,4271.0,Almaty,Marketing,8,73,2027-01-23
59,Female,3574.0,Shymkent,Marketing,2,76,2027-01-24
53,Male,,Shymkent,IT,17,86,2027-01-25
44,Female,3746.0,Shymkent,HR,6,87,2027-01-26
55,Male,2612.0,Astana,Marketing,14,79,2027-01-27
24,Male,1603.0,Shymkent,IT,19,76,2027-01-28
22,Male,1289.0,Shymkent,HR,17,88,2027-01-29
48,Female,4356.0,Shymkent,Finance,2,64,2027-01-30
40,Female,2293.0,Almaty,Marketing,13,75,2027-01-31
59,Male,4445.0,Almaty,IT,1,50,2027-02-01
27,Male,3691.0,Astana,Finance,13,53,2027-02-02
49,Female,2505.0,,HR,10,78,2027-02-03
47,Female,,Astana,HR,15,50,2027-02-04
56,Male,4140.0,Almaty,HR,7,92,2027-02-05
48,Male,853.0,,Marketing,6,99,2027-02-06
35,Female,3375.0,Almaty,IT,10,95,2027-02-07
53,Female,,,Finance,2,71,2027-02-08
